GENBANK_REFERENCE,CATALOGUE_NAME,CATALOGUE_VERSION,CATALOGUE_GRAMMAR,PREDICTION_VALUES,DRUG,MUTATION,PREDICTION,SOURCE,EVIDENCE,OTHER
NC_000962.3,NEJM2018,v1.0,GARC1,RUS,EMB,embA_2723_indel,S,{},{},{}
NC_000962.3,NEJM2018,v1.0,GARC1,RUS,EMB,embA_A1015T,S,{},{},{}
NC_000962.3,NEJM2018,v1.0,GARC1,RUS,EMB,embA_A1016S,S,{},{},{}
NC_000962.3,NEJM2018,v1.0,GARC1,RUS,EMB,embA_A109T,S,{},{},{}
NC_000962.3,NEJM2018,v1.0,GARC1,RUS,EMB,embA_A201T,S,{},{},{}
NC_000962.3,NEJM2018,v1.0,GARC1,RUS,EMB,embA_A255V,S,{},{},{}
NC_000962.3,NEJM2018,v1.0,GARC1,RUS,EMB,embA_A312V,S,{},{},{}
NC_000962.3,NEJM2018,v1.0,GARC1,RUS,EMB,embA_A331P,S,{},{},{}
NC_000962.3,NEJM2018,v1.0,GARC1,RUS,EMB,embA_A428V,S,{},{},{}
NC_000962.3,NEJM2018,v1.0,GARC1,RUS,EMB,embA_A438V,S,{},{},{}
NC_000962.3,NEJM2018,v1.0,GARC1,RUS,EMB,embA_A460T,S,{},{},{}
NC_000962.3,NEJM2018,v1.0,GARC1,RUS,EMB,embA_A545P,S,{},{},{}
NC_000962.3,NEJM2018,v1.0,GARC1,RUS,EMB,embA_A576T,S,{},{},{}
NC_000962.3,NEJM2018,v1.0,GARC1,RUS,EMB,embA_A586T,S,{},{},{}
NC_000962.3,NEJM2018,v1.0,GARC1,RUS,EMB,embA_A734T,S,{},{},{}
NC_000962.3,NEJM2018,v1.0,GARC1,RUS,EMB,embA_A852S,S,{},{},{}
NC_000962.3,NEJM2018,v1.0,GARC1,RUS,EMB,embA_A852V,S,{},{},{}
NC_000962.3,NEJM2018,v1.0,GARC1,RUS,EMB,embA_C335W,S,{},{},{}
NC_000962.3,NEJM2018,v1.0,GARC1,RUS,EMB,embA_D1053G,S,{},{},{}
NC_000962.3,NEJM2018,v1.0,GARC1,RUS,EMB,embA_D176A,S,{},{},{}
NC_000962.3,NEJM2018,v1.0,GARC1,RUS,EMB,embA_D678N,S,{},{},{}
NC_000962.3,NEJM2018,v1.0,GARC1,RUS,EMB,embA_D761G,S,{},{},{}
NC_000962.3,NEJM2018,v1.0,GARC1,RUS,EMB,embA_D784N,S,{},{},{}
NC_000962.3,NEJM2018,v1.0,GARC1,RUS,EMB,embA_D865N,S,{},{},{}
NC_000962.3,NEJM2018,v1.0,GARC1,RUS,EMB,embA_E7K,S,{},{},{}
NC_000962.3,NEJM2018,v1.0,GARC1,RUS,EMB,embA_E951D,S,{},{},{}
NC_000962.3,NEJM2018,v1.0,GARC1,RUS,EMB,embA_G1085S,S,{},{},{}
NC_000962.3,NEJM2018,v1.0,GARC1,RUS,EMB,embA_G154S,S,{},{},{}
NC_000962.3,NEJM2018,v1.0,GARC1,RUS,EMB,embA_G157C,S,{},{},{}
NC_000962.3,NEJM2018,v1.0,GARC1,RUS,EMB,embA_G21R,S,{},{},{}
NC_000962.3,NEJM2018,v1.0,GARC1,RUS,EMB,embA_G352S,S,{},{},{}
NC_000962.3,NEJM2018,v1.0,GARC1,RUS,EMB,embA_G596S,S,{},{},{}
NC_000962.3,NEJM2018,v1.0,GARC1,RUS,EMB,embA_G884D,S,{},{},{}
NC_000962.3,NEJM2018,v1.0,GARC1,RUS,EMB,embA_H665R,S,{},{},{}
NC_000962.3,NEJM2018,v1.0,GARC1,RUS,EMB,embA_H665Y,S,{},{},{}
NC_000962.3,NEJM2018,v1.0,GARC1,RUS,EMB,embA_H673R,S,{},{},{}
NC_000962.3,NEJM2018,v1.0,GARC1,RUS,EMB,embA_I191V,S,{},{},{}
NC_000962.3,NEJM2018,v1.0,GARC1,RUS,EMB,embA_I595V,S,{},{},{}
NC_000962.3,NEJM2018,v1.0,GARC1,RUS,EMB,embA_K166N,S,{},{},{}
NC_000962.3,NEJM2018,v1.0,GARC1,RUS,EMB,embA_K773N,S,{},{},{}
NC_000962.3,NEJM2018,v1.0,GARC1,RUS,EMB,embA_L1008P,S,{},{},{}
NC_000962.3,NEJM2018,v1.0,GARC1,RUS,EMB,embA_L215M,S,{},{},{}
NC_000962.3,NEJM2018,v1.0,GARC1,RUS,EMB,embA_L215P,S,{},{},{}
NC_000962.3,NEJM2018,v1.0,GARC1,RUS,EMB,embA_L233M,S,{},{},{}
NC_000962.3,NEJM2018,v1.0,GARC1,RUS,EMB,embA_L263F,S,{},{},{}
NC_000962.3,NEJM2018,v1.0,GARC1,RUS,EMB,embA_L263P,S,{},{},{}
NC_000962.3,NEJM2018,v1.0,GARC1,RUS,EMB,embA_L314P,S,{},{},{}
NC_000962.3,NEJM2018,v1.0,GARC1,RUS,EMB,embA_L373P,S,{},{},{}
NC_000962.3,NEJM2018,v1.0,GARC1,RUS,EMB,embA_L659F,S,{},{},{}
NC_000962.3,NEJM2018,v1.0,GARC1,RUS,EMB,embA_M153T,S,{},{},{}
NC_000962.3,NEJM2018,v1.0,GARC1,RUS,EMB,embA_M697V,S,{},{},{}
NC_000962.3,NEJM2018,v1.0,GARC1,RUS,EMB,embA_N54S,S,{},{},{}
NC_000962.3,NEJM2018,v1.0,GARC1,RUS,EMB,embA_P1094S,S,{},{},{}
NC_000962.3,NEJM2018,v1.0,GARC1,RUS,EMB,embA_P327H,S,{},{},{}
NC_000962.3,NEJM2018,v1.0,GARC1,RUS,EMB,embA_P327L,S,{},{},{}
NC_000962.3,NEJM2018,v1.0,GARC1,RUS,EMB,embA_P35Q,S,{},{},{}
NC_000962.3,NEJM2018,v1.0,GARC1,RUS,EMB,embA_P689L,S,{},{},{}
NC_000962.3,NEJM2018,v1.0,GARC1,RUS,EMB,embA_P75L,S,{},{},{}
NC_000962.3,NEJM2018,v1.0,GARC1,RUS,EMB,embA_P860L,S,{},{},{}
NC_000962.3,NEJM2018,v1.0,GARC1,RUS,EMB,embA_P901L,S,{},{},{}
NC_000962.3,NEJM2018,v1.0,GARC1,RUS,EMB,embA_P913S,S,{},{},{}
NC_000962.3,NEJM2018,v1.0,GARC1,RUS,EMB,embA_Q1004P,S,{},{},{}
NC_000962.3,NEJM2018,v1.0,GARC1,RUS,EMB,embA_Q57E,S,{},{},{}
NC_000962.3,NEJM2018,v1.0,GARC1,RUS,EMB,embA_R683L,S,{},{},{}
NC_000962.3,NEJM2018,v1.0,GARC1,RUS,EMB,embA_S1017A,S,{},{},{}
NC_000962.3,NEJM2018,v1.0,GARC1,RUS,EMB,embA_S20A,S,{},{},{}
NC_000962.3,NEJM2018,v1.0,GARC1,RUS,EMB,embA_S20P,S,{},{},{}
NC_000962.3,NEJM2018,v1.0,GARC1,RUS,EMB,embA_S49R,S,{},{},{}
NC_000962.3,NEJM2018,v1.0,GARC1,RUS,EMB,embA_S49T,S,{},{},{}
NC_000962.3,NEJM2018,v1.0,GARC1,RUS,EMB,embA_S77P,S,{},{},{}
NC_000962.3,NEJM2018,v1.0,GARC1,RUS,EMB,embA_T113R,S,{},{},{}
NC_000962.3,NEJM2018,v1.0,GARC1,RUS,EMB,embA_T161I,S,{},{},{}
NC_000962.3,NEJM2018,v1.0,GARC1,RUS,EMB,embA_T238N,S,{},{},{}
NC_000962.3,NEJM2018,v1.0,GARC1,RUS,EMB,embA_T238S,S,{},{},{}
NC_000962.3,NEJM2018,v1.0,GARC1,RUS,EMB,embA_T308A,S,{},{},{}
NC_000962.3,NEJM2018,v1.0,GARC1,RUS,EMB,embA_T363I,S,{},{},{}
NC_000962.3,NEJM2018,v1.0,GARC1,RUS,EMB,embA_T478A,S,{},{},{}
NC_000962.3,NEJM2018,v1.0,GARC1,RUS,EMB,embA_T56P,S,{},{},{}
NC_000962.3,NEJM2018,v1.0,GARC1,RUS,EMB,embA_T591A,S,{},{},{}
NC_000962.3,NEJM2018,v1.0,GARC1,RUS,EMB,embA_T591P,S,{},{},{}
NC_000962.3,NEJM2018,v1.0,GARC1,RUS,EMB,embA_T608N,S,{},{},{}
NC_000962.3,NEJM2018,v1.0,GARC1,RUS,EMB,embA_T728I,S,{},{},{}
NC_000962.3,NEJM2018,v1.0,GARC1,RUS,EMB,embA_T983A,S,{},{},{}
NC_000962.3,NEJM2018,v1.0,GARC1,RUS,EMB,embA_V1078M,S,{},{},{}
NC_000962.3,NEJM2018,v1.0,GARC1,RUS,EMB,embA_V206M,S,{},{},{}
NC_000962.3,NEJM2018,v1.0,GARC1,RUS,EMB,embA_V31A,S,{},{},{}
NC_000962.3,NEJM2018,v1.0,GARC1,RUS,EMB,embA_V391I,S,{},{},{}
NC_000962.3,NEJM2018,v1.0,GARC1,RUS,EMB,embA_V414M,S,{},{},{}
NC_000962.3,NEJM2018,v1.0,GARC1,RUS,EMB,embA_V698A,S,{},{},{}
NC_000962.3,NEJM2018,v1.0,GARC1,RUS,EMB,embA_V698I,S,{},{},{}
NC_000962.3,NEJM2018,v1.0,GARC1,RUS,EMB,embA_V911I,S,{},{},{}
NC_000962.3,NEJM2018,v1.0,GARC1,RUS,EMB,embA_W1050G,S,{},{},{}
NC_000962.3,NEJM2018,v1.0,GARC1,RUS,EMB,embA_W306R,S,{},{},{}
NC_000962.3,NEJM2018,v1.0,GARC1,RUS,EMB,embA_Y296H,S,{},{},{}
NC_000962.3,NEJM2018,v1.0,GARC1,RUS,EMB,embA_Y307H,S,{},{},{}
NC_000962.3,NEJM2018,v1.0,GARC1,RUS,EMB,embA_c-12t,R,{},{},{}
NC_000962.3,NEJM2018,v1.0,GARC1,RUS,EMB,embA_c-15g,S,{},{},{}
NC_000962.3,NEJM2018,v1.0,GARC1,RUS,EMB,embA_c-16g,R,{},{},{}
NC_000962.3,NEJM2018,v1.0,GARC1,RUS,EMB,embA_c-16t,R,{},{},{}
NC_000962.3,NEJM2018,v1.0,GARC1,RUS,EMB,embA_c-59a,S,{},{},{}
NC_000962.3,NEJM2018,v1.0,GARC1,RUS,EMB,embA_c-73t,S,{},{},{}
NC_000962.3,NEJM2018,v1.0,GARC1,RUS,EMB,embA_g-17a,S,{},{},{}
NC_000962.3,NEJM2018,v1.0,GARC1,RUS,EMB,embA_g-43c,S,{},{},{}
NC_000962.3,NEJM2018,v1.0,GARC1,RUS,EMB,embB_2943_indel,S,{},{},{}
NC_000962.3,NEJM2018,v1.0,GARC1,RUS,EMB,embB_A221T,S,{},{},{}
NC_000962.3,NEJM2018,v1.0,GARC1,RUS,EMB,embB_A259V,S,{},{},{}
NC_000962.3,NEJM2018,v1.0,GARC1,RUS,EMB,embB_A386E,S,{},{},{}
NC_000962.3,NEJM2018,v1.0,GARC1,RUS,EMB,embB_A388V,S,{},{},{}
NC_000962.3,NEJM2018,v1.0,GARC1,RUS,EMB,embB_A438T,S,{},{},{}
NC_000962.3,NEJM2018,v1.0,GARC1,RUS,EMB,embB_A454T,S,{},{},{}
NC_000962.3,NEJM2018,v1.0,GARC1,RUS,EMB,embB_A510T,S,{},{},{}
NC_000962.3,NEJM2018,v1.0,GARC1,RUS,EMB,embB_A547S,S,{},{},{}
NC_000962.3,NEJM2018,v1.0,GARC1,RUS,EMB,embB_A680T,S,{},{},{}
NC_000962.3,NEJM2018,v1.0,GARC1,RUS,EMB,embB_A683V,S,{},{},{}
NC_000962.3,NEJM2018,v1.0,GARC1,RUS,EMB,embB_A693T,S,{},{},{}
NC_000962.3,NEJM2018,v1.0,GARC1,RUS,EMB,embB_A701T,S,{},{},{}
NC_000962.3,NEJM2018,v1.0,GARC1,RUS,EMB,embB_A840P,S,{},{},{}
NC_000962.3,NEJM2018,v1.0,GARC1,RUS,EMB,embB_A861T,S,{},{},{}
NC_000962.3,NEJM2018,v1.0,GARC1,RUS,EMB,embB_A913V,S,{},{},{}
NC_000962.3,NEJM2018,v1.0,GARC1,RUS,EMB,embB_A950V,S,{},{},{}
NC_000962.3,NEJM2018,v1.0,GARC1,RUS,EMB,embB_C361S,S,{},{},{}
NC_000962.3,NEJM2018,v1.0,GARC1,RUS,EMB,embB_D1024N,S,{},{},{}
NC_000962.3,NEJM2018,v1.0,GARC1,RUS,EMB,embB_D1056E,S,{},{},{}
NC_000962.3,NEJM2018,v1.0,GARC1,RUS,EMB,embB_D311A,S,{},{},{}
NC_000962.3,NEJM2018,v1.0,GARC1,RUS,EMB,embB_D328H,S,{},{},{}
NC_000962.3,NEJM2018,v1.0,GARC1,RUS,EMB,embB_D328Y,R,{},{},{}
NC_000962.3,NEJM2018,v1.0,GARC1,RUS,EMB,embB_D354A,R,{},{},{}
NC_000962.3,NEJM2018,v1.0,GARC1,RUS,EMB,embB_D354G,S,{},{},{}
NC_000962.3,NEJM2018,v1.0,GARC1,RUS,EMB,embB_D78E,S,{},{},{}
NC_000962.3,NEJM2018,v1.0,GARC1,RUS,EMB,embB_D78G,S,{},{},{}
NC_000962.3,NEJM2018,v1.0,GARC1,RUS,EMB,embB_D869H,S,{},{},{}
NC_000962.3,NEJM2018,v1.0,GARC1,RUS,EMB,embB_D86N,S,{},{},{}
NC_000962.3,NEJM2018,v1.0,GARC1,RUS,EMB,embB_D870N,S,{},{},{}
NC_000962.3,NEJM2018,v1.0,GARC1,RUS,EMB,embB_E378A,S,{},{},{}
NC_000962.3,NEJM2018,v1.0,GARC1,RUS,EMB,embB_E504D,S,{},{},{}
NC_000962.3,NEJM2018,v1.0,GARC1,RUS,EMB,embB_E951Q,S,{},{},{}
NC_000962.3,NEJM2018,v1.0,GARC1,RUS,EMB,embB_F1012L,S,{},{},{}
NC_000962.3,NEJM2018,v1.0,GARC1,RUS,EMB,embB_F161L,S,{},{},{}
NC_000962.3,NEJM2018,v1.0,GARC1,RUS,EMB,embB_F285L,S,{},{},{}
NC_000962.3,NEJM2018,v1.0,GARC1,RUS,EMB,embB_F628S,S,{},{},{}
NC_000962.3,NEJM2018,v1.0,GARC1,RUS,EMB,embB_F676S,S,{},{},{}
NC_000962.3,NEJM2018,v1.0,GARC1,RUS,EMB,embB_G100S,S,{},{},{}
NC_000962.3,NEJM2018,v1.0,GARC1,RUS,EMB,embB_G1097S,S,{},{},{}
NC_000962.3,NEJM2018,v1.0,GARC1,RUS,EMB,embB_G246R,S,{},{},{}
NC_000962.3,NEJM2018,v1.0,GARC1,RUS,EMB,embB_G263R,S,{},{},{}
NC_000962.3,NEJM2018,v1.0,GARC1,RUS,EMB,embB_G305C,S,{},{},{}
NC_000962.3,NEJM2018,v1.0,GARC1,RUS,EMB,embB_G37S,S,{},{},{}
NC_000962.3,NEJM2018,v1.0,GARC1,RUS,EMB,embB_G406A,R,{},{},{}
NC_000962.3,NEJM2018,v1.0,GARC1,RUS,EMB,embB_G406D,R,{},{},{}
NC_000962.3,NEJM2018,v1.0,GARC1,RUS,EMB,embB_G406S,R,{},{},{}
NC_000962.3,NEJM2018,v1.0,GARC1,RUS,EMB,embB_G603R,S,{},{},{}
NC_000962.3,NEJM2018,v1.0,GARC1,RUS,EMB,embB_G62R,S,{},{},{}
NC_000962.3,NEJM2018,v1.0,GARC1,RUS,EMB,embB_G665R,S,{},{},{}
NC_000962.3,NEJM2018,v1.0,GARC1,RUS,EMB,embB_G694S,S,{},{},{}
NC_000962.3,NEJM2018,v1.0,GARC1,RUS,EMB,embB_G748E,S,{},{},{}
NC_000962.3,NEJM2018,v1.0,GARC1,RUS,EMB,embB_G836R,S,{},{},{}
NC_000962.3,NEJM2018,v1.0,GARC1,RUS,EMB,embB_H1002R,S,{},{},{}
NC_000962.3,NEJM2018,v1.0,GARC1,RUS,EMB,embB_H342N,S,{},{},{}
NC_000962.3,NEJM2018,v1.0,GARC1,RUS,EMB,embB_I1006M,S,{},{},{}
NC_000962.3,NEJM2018,v1.0,GARC1,RUS,EMB,embB_I16L,S,{},{},{}
NC_000962.3,NEJM2018,v1.0,GARC1,RUS,EMB,embB_K107R,S,{},{},{}
NC_000962.3,NEJM2018,v1.0,GARC1,RUS,EMB,embB_K561R,S,{},{},{}
NC_000962.3,NEJM2018,v1.0,GARC1,RUS,EMB,embB_K820T,S,{},{},{}
NC_000962.3,NEJM2018,v1.0,GARC1,RUS,EMB,embB_K882T,S,{},{},{}
NC_000962.3,NEJM2018,v1.0,GARC1,RUS,EMB,embB_L1037I,S,{},{},{}
NC_000962.3,NEJM2018,v1.0,GARC1,RUS,EMB,embB_L253I,S,{},{},{}
NC_000962.3,NEJM2018,v1.0,GARC1,RUS,EMB,embB_L348P,S,{},{},{}
NC_000962.3,NEJM2018,v1.0,GARC1,RUS,EMB,embB_L370R,S,{},{},{}
NC_000962.3,NEJM2018,v1.0,GARC1,RUS,EMB,embB_L638F,S,{},{},{}
NC_000962.3,NEJM2018,v1.0,GARC1,RUS,EMB,embB_L686P,S,{},{},{}
NC_000962.3,NEJM2018,v1.0,GARC1,RUS,EMB,embB_L971M,S,{},{},{}
NC_000962.3,NEJM2018,v1.0,GARC1,RUS,EMB,embB_M1049I,S,{},{},{}
NC_000962.3,NEJM2018,v1.0,GARC1,RUS,EMB,embB_M306?,R,{},{},{}
NC_000962.3,NEJM2018,v1.0,GARC1,RUS,EMB,embB_M306I,R,{},{},{}
NC_000962.3,NEJM2018,v1.0,GARC1,RUS,EMB,embB_M306L,S,{},{},{}
NC_000962.3,NEJM2018,v1.0,GARC1,RUS,EMB,embB_M306V,R,{},{},{}
NC_000962.3,NEJM2018,v1.0,GARC1,RUS,EMB,embB_M340I,S,{},{},{}
NC_000962.3,NEJM2018,v1.0,GARC1,RUS,EMB,embB_M350T,S,{},{},{}
NC_000962.3,NEJM2018,v1.0,GARC1,RUS,EMB,embB_M462L,S,{},{},{}
NC_000962.3,NEJM2018,v1.0,GARC1,RUS,EMB,embB_M462T,S,{},{},{}
NC_000962.3,NEJM2018,v1.0,GARC1,RUS,EMB,embB_M557I,S,{},{},{}
NC_000962.3,NEJM2018,v1.0,GARC1,RUS,EMB,embB_M91I,S,{},{},{}
NC_000962.3,NEJM2018,v1.0,GARC1,RUS,EMB,embB_N1004T,S,{},{},{}
NC_000962.3,NEJM2018,v1.0,GARC1,RUS,EMB,embB_N1033K,R,{},{},{}
NC_000962.3,NEJM2018,v1.0,GARC1,RUS,EMB,embB_N13S,S,{},{},{}
NC_000962.3,NEJM2018,v1.0,GARC1,RUS,EMB,embB_N400S,S,{},{},{}
NC_000962.3,NEJM2018,v1.0,GARC1,RUS,EMB,embB_N657D,S,{},{},{}
NC_000962.3,NEJM2018,v1.0,GARC1,RUS,EMB,embB_P103T,S,{},{},{}
NC_000962.3,NEJM2018,v1.0,GARC1,RUS,EMB,embB_P375S,S,{},{},{}
NC_000962.3,NEJM2018,v1.0,GARC1,RUS,EMB,embB_P430L,S,{},{},{}
NC_000962.3,NEJM2018,v1.0,GARC1,RUS,EMB,embB_P655Q,S,{},{},{}
NC_000962.3,NEJM2018,v1.0,GARC1,RUS,EMB,embB_P731L,S,{},{},{}
NC_000962.3,NEJM2018,v1.0,GARC1,RUS,EMB,embB_P776L,S,{},{},{}
NC_000962.3,NEJM2018,v1.0,GARC1,RUS,EMB,embB_P93L,S,{},{},{}
NC_000962.3,NEJM2018,v1.0,GARC1,RUS,EMB,embB_Q139H,S,{},{},{}
NC_000962.3,NEJM2018,v1.0,GARC1,RUS,EMB,embB_Q445R,S,{},{},{}
NC_000962.3,NEJM2018,v1.0,GARC1,RUS,EMB,embB_Q497K,R,{},{},{}
NC_000962.3,NEJM2018,v1.0,GARC1,RUS,EMB,embB_Q497P,S,{},{},{}
NC_000962.3,NEJM2018,v1.0,GARC1,RUS,EMB,embB_Q497R,R,{},{},{}
NC_000962.3,NEJM2018,v1.0,GARC1,RUS,EMB,embB_Q51P,S,{},{},{}
NC_000962.3,NEJM2018,v1.0,GARC1,RUS,EMB,embB_Q853P,S,{},{},{}
NC_000962.3,NEJM2018,v1.0,GARC1,RUS,EMB,embB_R1059P,S,{},{},{}
NC_000962.3,NEJM2018,v1.0,GARC1,RUS,EMB,embB_R147C,S,{},{},{}
NC_000962.3,NEJM2018,v1.0,GARC1,RUS,EMB,embB_R14Q,S,{},{},{}
NC_000962.3,NEJM2018,v1.0,GARC1,RUS,EMB,embB_R182C,S,{},{},{}
NC_000962.3,NEJM2018,v1.0,GARC1,RUS,EMB,embB_R620C,S,{},{},{}
NC_000962.3,NEJM2018,v1.0,GARC1,RUS,EMB,embB_R7T,S,{},{},{}
NC_000962.3,NEJM2018,v1.0,GARC1,RUS,EMB,embB_R930H,S,{},{},{}
NC_000962.3,NEJM2018,v1.0,GARC1,RUS,EMB,embB_S1054P,S,{},{},{}
NC_000962.3,NEJM2018,v1.0,GARC1,RUS,EMB,embB_S119N,S,{},{},{}
NC_000962.3,NEJM2018,v1.0,GARC1,RUS,EMB,embB_S203L,S,{},{},{}
NC_000962.3,NEJM2018,v1.0,GARC1,RUS,EMB,embB_S317F,S,{},{},{}
NC_000962.3,NEJM2018,v1.0,GARC1,RUS,EMB,embB_S344R,S,{},{},{}
NC_000962.3,NEJM2018,v1.0,GARC1,RUS,EMB,embB_S422P,S,{},{},{}
NC_000962.3,NEJM2018,v1.0,GARC1,RUS,EMB,embB_S565G,S,{},{},{}
NC_000962.3,NEJM2018,v1.0,GARC1,RUS,EMB,embB_S658N,S,{},{},{}
NC_000962.3,NEJM2018,v1.0,GARC1,RUS,EMB,embB_S658R,S,{},{},{}
NC_000962.3,NEJM2018,v1.0,GARC1,RUS,EMB,embB_S823R,S,{},{},{}
NC_000962.3,NEJM2018,v1.0,GARC1,RUS,EMB,embB_T1069P,S,{},{},{}
NC_000962.3,NEJM2018,v1.0,GARC1,RUS,EMB,embB_T1082A,S,{},{},{}
NC_000962.3,NEJM2018,v1.0,GARC1,RUS,EMB,embB_T208I,S,{},{},{}
NC_000962.3,NEJM2018,v1.0,GARC1,RUS,EMB,embB_T341A,S,{},{},{}
NC_000962.3,NEJM2018,v1.0,GARC1,RUS,EMB,embB_T341I,S,{},{},{}
NC_000962.3,NEJM2018,v1.0,GARC1,RUS,EMB,embB_T341N,S,{},{},{}
NC_000962.3,NEJM2018,v1.0,GARC1,RUS,EMB,embB_T498N,S,{},{},{}
NC_000962.3,NEJM2018,v1.0,GARC1,RUS,EMB,embB_T546A,S,{},{},{}
NC_000962.3,NEJM2018,v1.0,GARC1,RUS,EMB,embB_T797M,S,{},{},{}
NC_000962.3,NEJM2018,v1.0,GARC1,RUS,EMB,embB_V1048I,S,{},{},{}
NC_000962.3,NEJM2018,v1.0,GARC1,RUS,EMB,embB_V1071F,S,{},{},{}
NC_000962.3,NEJM2018,v1.0,GARC1,RUS,EMB,embB_V131M,S,{},{},{}
NC_000962.3,NEJM2018,v1.0,GARC1,RUS,EMB,embB_V135M,S,{},{},{}
NC_000962.3,NEJM2018,v1.0,GARC1,RUS,EMB,embB_V188A,S,{},{},{}
NC_000962.3,NEJM2018,v1.0,GARC1,RUS,EMB,embB_V230A,S,{},{},{}
NC_000962.3,NEJM2018,v1.0,GARC1,RUS,EMB,embB_V231I,S,{},{},{}
NC_000962.3,NEJM2018,v1.0,GARC1,RUS,EMB,embB_V283M,S,{},{},{}
NC_000962.3,NEJM2018,v1.0,GARC1,RUS,EMB,embB_V566M,S,{},{},{}
NC_000962.3,NEJM2018,v1.0,GARC1,RUS,EMB,embB_V602A,S,{},{},{}
NC_000962.3,NEJM2018,v1.0,GARC1,RUS,EMB,embB_V602I,S,{},{},{}
NC_000962.3,NEJM2018,v1.0,GARC1,RUS,EMB,embB_V668I,S,{},{},{}
NC_000962.3,NEJM2018,v1.0,GARC1,RUS,EMB,embB_V67L,S,{},{},{}
NC_000962.3,NEJM2018,v1.0,GARC1,RUS,EMB,embB_W273L,S,{},{},{}
NC_000962.3,NEJM2018,v1.0,GARC1,RUS,EMB,embB_W332R,S,{},{},{}
NC_000962.3,NEJM2018,v1.0,GARC1,RUS,EMB,embB_c-2t,S,{},{},{}
NC_000962.3,NEJM2018,v1.0,GARC1,RUS,EMB,embB_g-29a,S,{},{},{}
NC_000962.3,NEJM2018,v1.0,GARC1,RUS,EMB,embB_g-50a,S,{},{},{}
NC_000962.3,NEJM2018,v1.0,GARC1,RUS,EMB,embB_g-6a,S,{},{},{}
NC_000962.3,NEJM2018,v1.0,GARC1,RUS,EMB,embB_g-90a,S,{},{},{}
NC_000962.3,NEJM2018,v1.0,GARC1,RUS,EMB,embC_A1046S,S,{},{},{}
NC_000962.3,NEJM2018,v1.0,GARC1,RUS,EMB,embC_A1073T,S,{},{},{}
NC_000962.3,NEJM2018,v1.0,GARC1,RUS,EMB,embC_A116T,S,{},{},{}
NC_000962.3,NEJM2018,v1.0,GARC1,RUS,EMB,embC_A232V,S,{},{},{}
NC_000962.3,NEJM2018,v1.0,GARC1,RUS,EMB,embC_A307T,S,{},{},{}
NC_000962.3,NEJM2018,v1.0,GARC1,RUS,EMB,embC_A33T,S,{},{},{}
NC_000962.3,NEJM2018,v1.0,GARC1,RUS,EMB,embC_A46V,S,{},{},{}
NC_000962.3,NEJM2018,v1.0,GARC1,RUS,EMB,embC_A597T,S,{},{},{}
NC_000962.3,NEJM2018,v1.0,GARC1,RUS,EMB,embC_A611T,S,{},{},{}
NC_000962.3,NEJM2018,v1.0,GARC1,RUS,EMB,embC_A711T,S,{},{},{}
NC_000962.3,NEJM2018,v1.0,GARC1,RUS,EMB,embC_A774S,S,{},{},{}
NC_000962.3,NEJM2018,v1.0,GARC1,RUS,EMB,embC_A887T,S,{},{},{}
NC_000962.3,NEJM2018,v1.0,GARC1,RUS,EMB,embC_A925T,S,{},{},{}
NC_000962.3,NEJM2018,v1.0,GARC1,RUS,EMB,embC_A940S,S,{},{},{}
NC_000962.3,NEJM2018,v1.0,GARC1,RUS,EMB,embC_C355F,S,{},{},{}
NC_000962.3,NEJM2018,v1.0,GARC1,RUS,EMB,embC_C411R,S,{},{},{}
NC_000962.3,NEJM2018,v1.0,GARC1,RUS,EMB,embC_D252H,S,{},{},{}
NC_000962.3,NEJM2018,v1.0,GARC1,RUS,EMB,embC_D329N,S,{},{},{}
NC_000962.3,NEJM2018,v1.0,GARC1,RUS,EMB,embC_D490G,S,{},{},{}
NC_000962.3,NEJM2018,v1.0,GARC1,RUS,EMB,embC_D775N,S,{},{},{}
NC_000962.3,NEJM2018,v1.0,GARC1,RUS,EMB,embC_D948N,S,{},{},{}
NC_000962.3,NEJM2018,v1.0,GARC1,RUS,EMB,embC_F286L,S,{},{},{}
NC_000962.3,NEJM2018,v1.0,GARC1,RUS,EMB,embC_F67V,S,{},{},{}
NC_000962.3,NEJM2018,v1.0,GARC1,RUS,EMB,embC_F982I,S,{},{},{}
NC_000962.3,NEJM2018,v1.0,GARC1,RUS,EMB,embC_G101A,S,{},{},{}
NC_000962.3,NEJM2018,v1.0,GARC1,RUS,EMB,embC_G237A,S,{},{},{}
NC_000962.3,NEJM2018,v1.0,GARC1,RUS,EMB,embC_G383D,S,{},{},{}
NC_000962.3,NEJM2018,v1.0,GARC1,RUS,EMB,embC_G764V,S,{},{},{}
NC_000962.3,NEJM2018,v1.0,GARC1,RUS,EMB,embC_G817D,S,{},{},{}
NC_000962.3,NEJM2018,v1.0,GARC1,RUS,EMB,embC_G831R,S,{},{},{}
NC_000962.3,NEJM2018,v1.0,GARC1,RUS,EMB,embC_G857S,S,{},{},{}
NC_000962.3,NEJM2018,v1.0,GARC1,RUS,EMB,embC_G909E,S,{},{},{}
NC_000962.3,NEJM2018,v1.0,GARC1,RUS,EMB,embC_H369R,S,{},{},{}
NC_000962.3,NEJM2018,v1.0,GARC1,RUS,EMB,embC_H910N,S,{},{},{}
NC_000962.3,NEJM2018,v1.0,GARC1,RUS,EMB,embC_I28V,S,{},{},{}
NC_000962.3,NEJM2018,v1.0,GARC1,RUS,EMB,embC_I459V,S,{},{},{}
NC_000962.3,NEJM2018,v1.0,GARC1,RUS,EMB,embC_I497M,S,{},{},{}
NC_000962.3,NEJM2018,v1.0,GARC1,RUS,EMB,embC_I573T,S,{},{},{}
NC_000962.3,NEJM2018,v1.0,GARC1,RUS,EMB,embC_I936V,S,{},{},{}
NC_000962.3,NEJM2018,v1.0,GARC1,RUS,EMB,embC_K511N,S,{},{},{}
NC_000962.3,NEJM2018,v1.0,GARC1,RUS,EMB,embC_K656N,S,{},{},{}
NC_000962.3,NEJM2018,v1.0,GARC1,RUS,EMB,embC_L236P,S,{},{},{}
NC_000962.3,NEJM2018,v1.0,GARC1,RUS,EMB,embC_L240P,S,{},{},{}
NC_000962.3,NEJM2018,v1.0,GARC1,RUS,EMB,embC_L434F,S,{},{},{}
NC_000962.3,NEJM2018,v1.0,GARC1,RUS,EMB,embC_L460R,S,{},{},{}
NC_000962.3,NEJM2018,v1.0,GARC1,RUS,EMB,embC_M1040T,S,{},{},{}
NC_000962.3,NEJM2018,v1.0,GARC1,RUS,EMB,embC_M234L,S,{},{},{}
NC_000962.3,NEJM2018,v1.0,GARC1,RUS,EMB,embC_M727V,S,{},{},{}
NC_000962.3,NEJM2018,v1.0,GARC1,RUS,EMB,embC_N127S,S,{},{},{}
NC_000962.3,NEJM2018,v1.0,GARC1,RUS,EMB,embC_N176K,S,{},{},{}
NC_000962.3,NEJM2018,v1.0,GARC1,RUS,EMB,embC_N394D,S,{},{},{}
NC_000962.3,NEJM2018,v1.0,GARC1,RUS,EMB,embC_P1065L,S,{},{},{}
NC_000962.3,NEJM2018,v1.0,GARC1,RUS,EMB,embC_P210S,S,{},{},{}
NC_000962.3,NEJM2018,v1.0,GARC1,RUS,EMB,embC_P486T,S,{},{},{}
NC_000962.3,NEJM2018,v1.0,GARC1,RUS,EMB,embC_P558R,S,{},{},{}
NC_000962.3,NEJM2018,v1.0,GARC1,RUS,EMB,embC_P732A,S,{},{},{}
NC_000962.3,NEJM2018,v1.0,GARC1,RUS,EMB,embC_P791T,S,{},{},{}
NC_000962.3,NEJM2018,v1.0,GARC1,RUS,EMB,embC_P861L,S,{},{},{}
NC_000962.3,NEJM2018,v1.0,GARC1,RUS,EMB,embC_Q1061H,S,{},{},{}
NC_000962.3,NEJM2018,v1.0,GARC1,RUS,EMB,embC_Q491H,S,{},{},{}
NC_000962.3,NEJM2018,v1.0,GARC1,RUS,EMB,embC_Q54H,S,{},{},{}
NC_000962.3,NEJM2018,v1.0,GARC1,RUS,EMB,embC_Q730H,S,{},{},{}
NC_000962.3,NEJM2018,v1.0,GARC1,RUS,EMB,embC_Q742H,S,{},{},{}
NC_000962.3,NEJM2018,v1.0,GARC1,RUS,EMB,embC_R221C,S,{},{},{}
NC_000962.3,NEJM2018,v1.0,GARC1,RUS,EMB,embC_R567H,S,{},{},{}
NC_000962.3,NEJM2018,v1.0,GARC1,RUS,EMB,embC_R695W,S,{},{},{}
NC_000962.3,NEJM2018,v1.0,GARC1,RUS,EMB,embC_R738Q,S,{},{},{}
NC_000962.3,NEJM2018,v1.0,GARC1,RUS,EMB,embC_R738W,S,{},{},{}
NC_000962.3,NEJM2018,v1.0,GARC1,RUS,EMB,embC_R877W,S,{},{},{}
NC_000962.3,NEJM2018,v1.0,GARC1,RUS,EMB,embC_R927H,S,{},{},{}
NC_000962.3,NEJM2018,v1.0,GARC1,RUS,EMB,embC_R9H,S,{},{},{}
NC_000962.3,NEJM2018,v1.0,GARC1,RUS,EMB,embC_S18F,S,{},{},{}
NC_000962.3,NEJM2018,v1.0,GARC1,RUS,EMB,embC_S213N,S,{},{},{}
NC_000962.3,NEJM2018,v1.0,GARC1,RUS,EMB,embC_S225R,S,{},{},{}
NC_000962.3,NEJM2018,v1.0,GARC1,RUS,EMB,embC_T1044M,S,{},{},{}
NC_000962.3,NEJM2018,v1.0,GARC1,RUS,EMB,embC_T1044P,S,{},{},{}
NC_000962.3,NEJM2018,v1.0,GARC1,RUS,EMB,embC_T1079A,S,{},{},{}
NC_000962.3,NEJM2018,v1.0,GARC1,RUS,EMB,embC_T270I,S,{},{},{}
NC_000962.3,NEJM2018,v1.0,GARC1,RUS,EMB,embC_T712A,S,{},{},{}
NC_000962.3,NEJM2018,v1.0,GARC1,RUS,EMB,embC_T786A,S,{},{},{}
NC_000962.3,NEJM2018,v1.0,GARC1,RUS,EMB,embC_T941A,S,{},{},{}
NC_000962.3,NEJM2018,v1.0,GARC1,RUS,EMB,embC_V104M,S,{},{},{}
NC_000962.3,NEJM2018,v1.0,GARC1,RUS,EMB,embC_V218A,S,{},{},{}
NC_000962.3,NEJM2018,v1.0,GARC1,RUS,EMB,embC_V303L,S,{},{},{}
NC_000962.3,NEJM2018,v1.0,GARC1,RUS,EMB,embC_V337I,S,{},{},{}
NC_000962.3,NEJM2018,v1.0,GARC1,RUS,EMB,embC_V363I,S,{},{},{}
NC_000962.3,NEJM2018,v1.0,GARC1,RUS,EMB,embC_V981L,S,{},{},{}
NC_000962.3,NEJM2018,v1.0,GARC1,RUS,EMB,embC_c-100t,S,{},{},{}
NC_000962.3,NEJM2018,v1.0,GARC1,RUS,EMB,embC_c-27t,S,{},{},{}
NC_000962.3,NEJM2018,v1.0,GARC1,RUS,EMB,embC_g-66a,S,{},{},{}
NC_000962.3,NEJM2018,v1.0,GARC1,RUS,INH,ahpC_-34_indel,S,{},{},{}
NC_000962.3,NEJM2018,v1.0,GARC1,RUS,INH,ahpC_-3_indel,S,{},{},{}
NC_000962.3,NEJM2018,v1.0,GARC1,RUS,INH,ahpC_-400_indel,S,{},{},{}
NC_000962.3,NEJM2018,v1.0,GARC1,RUS,INH,ahpC_213_indel,S,{},{},{}
NC_000962.3,NEJM2018,v1.0,GARC1,RUS,INH,ahpC_249_indel,S,{},{},{}
NC_000962.3,NEJM2018,v1.0,GARC1,RUS,INH,ahpC_A122T,S,{},{},{}
NC_000962.3,NEJM2018,v1.0,GARC1,RUS,INH,ahpC_A187P,S,{},{},{}
NC_000962.3,NEJM2018,v1.0,GARC1,RUS,INH,ahpC_A195S,S,{},{},{}
NC_000962.3,NEJM2018,v1.0,GARC1,RUS,INH,ahpC_D182G,S,{},{},{}
NC_000962.3,NEJM2018,v1.0,GARC1,RUS,INH,ahpC_E160K,S,{},{},{}
NC_000962.3,NEJM2018,v1.0,GARC1,RUS,INH,ahpC_G45S,S,{},{},{}
NC_000962.3,NEJM2018,v1.0,GARC1,RUS,INH,ahpC_K192N,S,{},{},{}
NC_000962.3,NEJM2018,v1.0,GARC1,RUS,INH,ahpC_L191F,S,{},{},{}
NC_000962.3,NEJM2018,v1.0,GARC1,RUS,INH,ahpC_P44R,S,{},{},{}
NC_000962.3,NEJM2018,v1.0,GARC1,RUS,INH,ahpC_P62H,S,{},{},{}
NC_000962.3,NEJM2018,v1.0,GARC1,RUS,INH,ahpC_T105M,S,{},{},{}
NC_000962.3,NEJM2018,v1.0,GARC1,RUS,INH,ahpC_V158F,S,{},{},{}
NC_000962.3,NEJM2018,v1.0,GARC1,RUS,INH,ahpC_Y34C,S,{},{},{}
NC_000962.3,NEJM2018,v1.0,GARC1,RUS,INH,ahpC_a-80g,S,{},{},{}
NC_000962.3,NEJM2018,v1.0,GARC1,RUS,INH,ahpC_a-83g,S,{},{},{}
NC_000962.3,NEJM2018,v1.0,GARC1,RUS,INH,ahpC_a-98c,S,{},{},{}
NC_000962.3,NEJM2018,v1.0,GARC1,RUS,INH,ahpC_c-52t,S,{},{},{}
NC_000962.3,NEJM2018,v1.0,GARC1,RUS,INH,ahpC_c-57t,R,{},{},{}
NC_000962.3,NEJM2018,v1.0,GARC1,RUS,INH,ahpC_c-72t,R,{},{},{}
NC_000962.3,NEJM2018,v1.0,GARC1,RUS,INH,ahpC_c-79t,S,{},{},{}
NC_000962.3,NEJM2018,v1.0,GARC1,RUS,INH,ahpC_c-81t,S,{},{},{}
NC_000962.3,NEJM2018,v1.0,GARC1,RUS,INH,ahpC_g-48a,R,{},{},{}
NC_000962.3,NEJM2018,v1.0,GARC1,RUS,INH,ahpC_g-88a,S,{},{},{}
NC_000962.3,NEJM2018,v1.0,GARC1,RUS,INH,fabG1_A215T,S,{},{},{}
NC_000962.3,NEJM2018,v1.0,GARC1,RUS,INH,fabG1_E7K,S,{},{},{}
NC_000962.3,NEJM2018,v1.0,GARC1,RUS,INH,fabG1_L203L,R,{},{},{}
NC_000962.3,NEJM2018,v1.0,GARC1,RUS,INH,fabG1_N24S,S,{},{},{}
NC_000962.3,NEJM2018,v1.0,GARC1,RUS,INH,fabG1_P81A,S,{},{},{}
NC_000962.3,NEJM2018,v1.0,GARC1,RUS,INH,fabG1_S126N,S,{},{},{}
NC_000962.3,NEJM2018,v1.0,GARC1,RUS,INH,fabG1_T4I,S,{},{},{}
NC_000962.3,NEJM2018,v1.0,GARC1,RUS,INH,fabG1_a-16?,R,{},{},{}
NC_000962.3,NEJM2018,v1.0,GARC1,RUS,INH,fabG1_c-15?,R,{},{},{}
NC_000962.3,NEJM2018,v1.0,GARC1,RUS,INH,fabG1_c-15t,R,{},{},{}
NC_000962.3,NEJM2018,v1.0,GARC1,RUS,INH,fabG1_g-17t,R,{},{},{}
NC_000962.3,NEJM2018,v1.0,GARC1,RUS,INH,fabG1_g-47c,S,{},{},{}
NC_000962.3,NEJM2018,v1.0,GARC1,RUS,INH,fabG1_g-77a,S,{},{},{}
NC_000962.3,NEJM2018,v1.0,GARC1,RUS,INH,fabG1_t-8?,R,{},{},{}
NC_000962.3,NEJM2018,v1.0,GARC1,RUS,INH,fabG1_t-8c,R,{},{},{}
NC_000962.3,NEJM2018,v1.0,GARC1,RUS,INH,inhA_G141R,S,{},{},{}
NC_000962.3,NEJM2018,v1.0,GARC1,RUS,INH,inhA_G183R,S,{},{},{}
NC_000962.3,NEJM2018,v1.0,GARC1,RUS,INH,inhA_I194T,R,{},{},{}
NC_000962.3,NEJM2018,v1.0,GARC1,RUS,INH,inhA_I21T,R,{},{},{}
NC_000962.3,NEJM2018,v1.0,GARC1,RUS,INH,inhA_I228V,S,{},{},{}
NC_000962.3,NEJM2018,v1.0,GARC1,RUS,INH,inhA_P107S,S,{},{},{}
NC_000962.3,NEJM2018,v1.0,GARC1,RUS,INH,inhA_S94A,R,{},{},{}
NC_000962.3,NEJM2018,v1.0,GARC1,RUS,INH,inhA_V78A,S,{},{},{}
NC_000962.3,NEJM2018,v1.0,GARC1,RUS,INH,inhA_a-14g,S,{},{},{}
NC_000962.3,NEJM2018,v1.0,GARC1,RUS,INH,inhA_c-40t,S,{},{},{}
NC_000962.3,NEJM2018,v1.0,GARC1,RUS,INH,inhA_c-67t,S,{},{},{}
NC_000962.3,NEJM2018,v1.0,GARC1,RUS,INH,katG_*_fs,R,{},{},{}
NC_000962.3,NEJM2018,v1.0,GARC1,RUS,INH,katG_1286_indel,R,{},{},{}
NC_000962.3,NEJM2018,v1.0,GARC1,RUS,INH,katG_1339_indel,R,{},{},{}
NC_000962.3,NEJM2018,v1.0,GARC1,RUS,INH,katG_1365_indel,R,{},{},{}
NC_000962.3,NEJM2018,v1.0,GARC1,RUS,INH,katG_1804_indel,R,{},{},{}
NC_000962.3,NEJM2018,v1.0,GARC1,RUS,INH,katG_1900_indel,R,{},{},{}
NC_000962.3,NEJM2018,v1.0,GARC1,RUS,INH,katG_21_indel,R,{},{},{}
NC_000962.3,NEJM2018,v1.0,GARC1,RUS,INH,katG_371_indel,R,{},{},{}
NC_000962.3,NEJM2018,v1.0,GARC1,RUS,INH,katG_A109V,R,{},{},{}
NC_000962.3,NEJM2018,v1.0,GARC1,RUS,INH,katG_A162V,S,{},{},{}
NC_000962.3,NEJM2018,v1.0,GARC1,RUS,INH,katG_A16V,S,{},{},{}
NC_000962.3,NEJM2018,v1.0,GARC1,RUS,INH,katG_A281T,S,{},{},{}
NC_000962.3,NEJM2018,v1.0,GARC1,RUS,INH,katG_A480S,S,{},{},{}
NC_000962.3,NEJM2018,v1.0,GARC1,RUS,INH,katG_A532P,S,{},{},{}
NC_000962.3,NEJM2018,v1.0,GARC1,RUS,INH,katG_A551S,S,{},{},{}
NC_000962.3,NEJM2018,v1.0,GARC1,RUS,INH,katG_A591T,S,{},{},{}
NC_000962.3,NEJM2018,v1.0,GARC1,RUS,INH,katG_A606T,S,{},{},{}
NC_000962.3,NEJM2018,v1.0,GARC1,RUS,INH,katG_A614E,R,{},{},{}
NC_000962.3,NEJM2018,v1.0,GARC1,RUS,INH,katG_D142G,R,{},{},{}
NC_000962.3,NEJM2018,v1.0,GARC1,RUS,INH,katG_D194N,S,{},{},{}
NC_000962.3,NEJM2018,v1.0,GARC1,RUS,INH,katG_D215E,S,{},{},{}
NC_000962.3,NEJM2018,v1.0,GARC1,RUS,INH,katG_D406G,S,{},{},{}
NC_000962.3,NEJM2018,v1.0,GARC1,RUS,INH,katG_D511N,S,{},{},{}
NC_000962.3,NEJM2018,v1.0,GARC1,RUS,INH,katG_E340D,S,{},{},{}
NC_000962.3,NEJM2018,v1.0,GARC1,RUS,INH,katG_E522K,S,{},{},{}
NC_000962.3,NEJM2018,v1.0,GARC1,RUS,INH,katG_E523D,S,{},{},{}
NC_000962.3,NEJM2018,v1.0,GARC1,RUS,INH,katG_G121S,S,{},{},{}
NC_000962.3,NEJM2018,v1.0,GARC1,RUS,INH,katG_G123R,S,{},{},{}
NC_000962.3,NEJM2018,v1.0,GARC1,RUS,INH,katG_G124A,S,{},{},{}
NC_000962.3,NEJM2018,v1.0,GARC1,RUS,INH,katG_G124D,S,{},{},{}
NC_000962.3,NEJM2018,v1.0,GARC1,RUS,INH,katG_G125D,R,{},{},{}
NC_000962.3,NEJM2018,v1.0,GARC1,RUS,INH,katG_G182R,R,{},{},{}
NC_000962.3,NEJM2018,v1.0,GARC1,RUS,INH,katG_G237A,S,{},{},{}
NC_000962.3,NEJM2018,v1.0,GARC1,RUS,INH,katG_G285V,S,{},{},{}
NC_000962.3,NEJM2018,v1.0,GARC1,RUS,INH,katG_G297V,R,{},{},{}
NC_000962.3,NEJM2018,v1.0,GARC1,RUS,INH,katG_G534R,S,{},{},{}
NC_000962.3,NEJM2018,v1.0,GARC1,RUS,INH,katG_K433T,S,{},{},{}
NC_000962.3,NEJM2018,v1.0,GARC1,RUS,INH,katG_K537E,S,{},{},{}
NC_000962.3,NEJM2018,v1.0,GARC1,RUS,INH,katG_K557N,S,{},{},{}
NC_000962.3,NEJM2018,v1.0,GARC1,RUS,INH,katG_L141F,R,{},{},{}
NC_000962.3,NEJM2018,v1.0,GARC1,RUS,INH,katG_L159P,R,{},{},{}
NC_000962.3,NEJM2018,v1.0,GARC1,RUS,INH,katG_L205R,S,{},{},{}
NC_000962.3,NEJM2018,v1.0,GARC1,RUS,INH,katG_L398R,S,{},{},{}
NC_000962.3,NEJM2018,v1.0,GARC1,RUS,INH,katG_L598R,S,{},{},{}
NC_000962.3,NEJM2018,v1.0,GARC1,RUS,INH,katG_L696Q,S,{},{},{}
NC_000962.3,NEJM2018,v1.0,GARC1,RUS,INH,katG_L704S,R,{},{},{}
NC_000962.3,NEJM2018,v1.0,GARC1,RUS,INH,katG_M257I,S,{},{},{}
NC_000962.3,NEJM2018,v1.0,GARC1,RUS,INH,katG_M609T,S,{},{},{}
NC_000962.3,NEJM2018,v1.0,GARC1,RUS,INH,katG_N323S,S,{},{},{}
NC_000962.3,NEJM2018,v1.0,GARC1,RUS,INH,katG_N562H,S,{},{},{}
NC_000962.3,NEJM2018,v1.0,GARC1,RUS,INH,katG_P232R,R,{},{},{}
NC_000962.3,NEJM2018,v1.0,GARC1,RUS,INH,katG_P432T,S,{},{},{}
NC_000962.3,NEJM2018,v1.0,GARC1,RUS,INH,katG_P510A,S,{},{},{}
NC_000962.3,NEJM2018,v1.0,GARC1,RUS,INH,katG_P6S,S,{},{},{}
NC_000962.3,NEJM2018,v1.0,GARC1,RUS,INH,katG_Q295A,S,{},{},{}
NC_000962.3,NEJM2018,v1.0,GARC1,RUS,INH,katG_Q36P,S,{},{},{}
NC_000962.3,NEJM2018,v1.0,GARC1,RUS,INH,katG_Q525K,S,{},{},{}
NC_000962.3,NEJM2018,v1.0,GARC1,RUS,INH,katG_Q525S,S,{},{},{}
NC_000962.3,NEJM2018,v1.0,GARC1,RUS,INH,katG_Q88E,S,{},{},{}
NC_000962.3,NEJM2018,v1.0,GARC1,RUS,INH,katG_R104Q,R,{},{},{}
NC_000962.3,NEJM2018,v1.0,GARC1,RUS,INH,katG_R463L,S,{},{},{}
NC_000962.3,NEJM2018,v1.0,GARC1,RUS,INH,katG_R519H,S,{},{},{}
NC_000962.3,NEJM2018,v1.0,GARC1,RUS,INH,katG_S315?,R,{},{},{}
NC_000962.3,NEJM2018,v1.0,GARC1,RUS,INH,katG_S315I,R,{},{},{}
NC_000962.3,NEJM2018,v1.0,GARC1,RUS,INH,katG_S315N,R,{},{},{}
NC_000962.3,NEJM2018,v1.0,GARC1,RUS,INH,katG_S315T,R,{},{},{}
NC_000962.3,NEJM2018,v1.0,GARC1,RUS,INH,katG_S446N,S,{},{},{}
NC_000962.3,NEJM2018,v1.0,GARC1,RUS,INH,katG_S481L,R,{},{},{}
NC_000962.3,NEJM2018,v1.0,GARC1,RUS,INH,katG_S527L,S,{},{},{}
NC_000962.3,NEJM2018,v1.0,GARC1,RUS,INH,katG_S700P,R,{},{},{}
NC_000962.3,NEJM2018,v1.0,GARC1,RUS,INH,katG_T12A,S,{},{},{}
NC_000962.3,NEJM2018,v1.0,GARC1,RUS,INH,katG_T180K,R,{},{},{}
NC_000962.3,NEJM2018,v1.0,GARC1,RUS,INH,katG_T308A,S,{},{},{}
NC_000962.3,NEJM2018,v1.0,GARC1,RUS,INH,katG_T394A,S,{},{},{}
NC_000962.3,NEJM2018,v1.0,GARC1,RUS,INH,katG_T475I,S,{},{},{}
NC_000962.3,NEJM2018,v1.0,GARC1,RUS,INH,katG_T625A,S,{},{},{}
NC_000962.3,NEJM2018,v1.0,GARC1,RUS,INH,katG_T667I,S,{},{},{}
NC_000962.3,NEJM2018,v1.0,GARC1,RUS,INH,katG_T77R,S,{},{},{}
NC_000962.3,NEJM2018,v1.0,GARC1,RUS,INH,katG_V23L,S,{},{},{}
NC_000962.3,NEJM2018,v1.0,GARC1,RUS,INH,katG_V260I,S,{},{},{}
NC_000962.3,NEJM2018,v1.0,GARC1,RUS,INH,katG_V445I,S,{},{},{}
NC_000962.3,NEJM2018,v1.0,GARC1,RUS,INH,katG_V469L,S,{},{},{}
NC_000962.3,NEJM2018,v1.0,GARC1,RUS,INH,katG_V473L,S,{},{},{}
NC_000962.3,NEJM2018,v1.0,GARC1,RUS,INH,katG_V47I,S,{},{},{}
NC_000962.3,NEJM2018,v1.0,GARC1,RUS,INH,katG_V507I,S,{},{},{}
NC_000962.3,NEJM2018,v1.0,GARC1,RUS,INH,katG_V633A,R,{},{},{}
NC_000962.3,NEJM2018,v1.0,GARC1,RUS,INH,katG_V68G,S,{},{},{}
NC_000962.3,NEJM2018,v1.0,GARC1,RUS,INH,katG_V739M,S,{},{},{}
NC_000962.3,NEJM2018,v1.0,GARC1,RUS,INH,katG_W191G,R,{},{},{}
NC_000962.3,NEJM2018,v1.0,GARC1,RUS,INH,katG_W191R,R,{},{},{}
NC_000962.3,NEJM2018,v1.0,GARC1,RUS,INH,katG_W300C,R,{},{},{}
NC_000962.3,NEJM2018,v1.0,GARC1,RUS,INH,katG_W328L,R,{},{},{}
NC_000962.3,NEJM2018,v1.0,GARC1,RUS,INH,katG_W505!,R,{},{},{}
NC_000962.3,NEJM2018,v1.0,GARC1,RUS,INH,katG_W90R,R,{},{},{}
NC_000962.3,NEJM2018,v1.0,GARC1,RUS,INH,katG_a-35g,S,{},{},{}
NC_000962.3,NEJM2018,v1.0,GARC1,RUS,INH,katG_c-79t,S,{},{},{}
NC_000962.3,NEJM2018,v1.0,GARC1,RUS,INH,katG_c-85t,S,{},{},{}
NC_000962.3,NEJM2018,v1.0,GARC1,RUS,INH,katG_g-76a,S,{},{},{}
NC_000962.3,NEJM2018,v1.0,GARC1,RUS,INH,katG_g-89a,S,{},{},{}
NC_000962.3,NEJM2018,v1.0,GARC1,RUS,INH,katG_t-13c,S,{},{},{}
NC_000962.3,NEJM2018,v1.0,GARC1,RUS,PZA,pncA_!187?,S,{},{},{}
NC_000962.3,NEJM2018,v1.0,GARC1,RUS,PZA,pncA_*_fs,R,{},{},{}
NC_000962.3,NEJM2018,v1.0,GARC1,RUS,PZA,pncA_-1526_indel,R,{},{},{}
NC_000962.3,NEJM2018,v1.0,GARC1,RUS,PZA,pncA_-3_indel,S,{},{},{}
NC_000962.3,NEJM2018,v1.0,GARC1,RUS,PZA,pncA_-745_indel,R,{},{},{}
NC_000962.3,NEJM2018,v1.0,GARC1,RUS,PZA,pncA_145_indel,S,{},{},{}
NC_000962.3,NEJM2018,v1.0,GARC1,RUS,PZA,pncA_185_indel,R,{},{},{}
NC_000962.3,NEJM2018,v1.0,GARC1,RUS,PZA,pncA_189_indel,S,{},{},{}
NC_000962.3,NEJM2018,v1.0,GARC1,RUS,PZA,pncA_192_indel,R,{},{},{}
NC_000962.3,NEJM2018,v1.0,GARC1,RUS,PZA,pncA_231_indel,S,{},{},{}
NC_000962.3,NEJM2018,v1.0,GARC1,RUS,PZA,pncA_306_indel,R,{},{},{}
NC_000962.3,NEJM2018,v1.0,GARC1,RUS,PZA,pncA_338_indel,S,{},{},{}
NC_000962.3,NEJM2018,v1.0,GARC1,RUS,PZA,pncA_386_indel,R,{},{},{}
NC_000962.3,NEJM2018,v1.0,GARC1,RUS,PZA,pncA_395_indel,S,{},{},{}
NC_000962.3,NEJM2018,v1.0,GARC1,RUS,PZA,pncA_416_indel,S,{},{},{}
NC_000962.3,NEJM2018,v1.0,GARC1,RUS,PZA,pncA_428_indel,R,{},{},{}
NC_000962.3,NEJM2018,v1.0,GARC1,RUS,PZA,pncA_456_indel,R,{},{},{}
NC_000962.3,NEJM2018,v1.0,GARC1,RUS,PZA,pncA_463_indel,R,{},{},{}
NC_000962.3,NEJM2018,v1.0,GARC1,RUS,PZA,pncA_470_indel,R,{},{},{}
NC_000962.3,NEJM2018,v1.0,GARC1,RUS,PZA,pncA_47_indel,S,{},{},{}
NC_000962.3,NEJM2018,v1.0,GARC1,RUS,PZA,pncA_48_indel,R,{},{},{}
NC_000962.3,NEJM2018,v1.0,GARC1,RUS,PZA,pncA_517_indel,R,{},{},{}
NC_000962.3,NEJM2018,v1.0,GARC1,RUS,PZA,pncA_553_indel,R,{},{},{}
NC_000962.3,NEJM2018,v1.0,GARC1,RUS,PZA,pncA_A102P,S,{},{},{}
NC_000962.3,NEJM2018,v1.0,GARC1,RUS,PZA,pncA_A134D,S,{},{},{}
NC_000962.3,NEJM2018,v1.0,GARC1,RUS,PZA,pncA_A134P,R,{},{},{}
NC_000962.3,NEJM2018,v1.0,GARC1,RUS,PZA,pncA_A134V,R,{},{},{}
NC_000962.3,NEJM2018,v1.0,GARC1,RUS,PZA,pncA_A143D,R,{},{},{}
NC_000962.3,NEJM2018,v1.0,GARC1,RUS,PZA,pncA_A143V,S,{},{},{}
NC_000962.3,NEJM2018,v1.0,GARC1,RUS,PZA,pncA_A146E,R,{},{},{}
NC_000962.3,NEJM2018,v1.0,GARC1,RUS,PZA,pncA_A146S,R,{},{},{}
NC_000962.3,NEJM2018,v1.0,GARC1,RUS,PZA,pncA_A146T,S,{},{},{}
NC_000962.3,NEJM2018,v1.0,GARC1,RUS,PZA,pncA_A146V,R,{},{},{}
NC_000962.3,NEJM2018,v1.0,GARC1,RUS,PZA,pncA_A152V,R,{},{},{}
NC_000962.3,NEJM2018,v1.0,GARC1,RUS,PZA,pncA_A161P,R,{},{},{}
NC_000962.3,NEJM2018,v1.0,GARC1,RUS,PZA,pncA_A165D,R,{},{},{}
NC_000962.3,NEJM2018,v1.0,GARC1,RUS,PZA,pncA_A170S,R,{},{},{}
NC_000962.3,NEJM2018,v1.0,GARC1,RUS,PZA,pncA_A170V,R,{},{},{}
NC_000962.3,NEJM2018,v1.0,GARC1,RUS,PZA,pncA_A171A,R,{},{},{}
NC_000962.3,NEJM2018,v1.0,GARC1,RUS,PZA,pncA_A171E,R,{},{},{}
NC_000962.3,NEJM2018,v1.0,GARC1,RUS,PZA,pncA_A171T,R,{},{},{}
NC_000962.3,NEJM2018,v1.0,GARC1,RUS,PZA,pncA_A26V,R,{},{},{}
NC_000962.3,NEJM2018,v1.0,GARC1,RUS,PZA,pncA_A28S,R,{},{},{}
NC_000962.3,NEJM2018,v1.0,GARC1,RUS,PZA,pncA_A30P,R,{},{},{}
NC_000962.3,NEJM2018,v1.0,GARC1,RUS,PZA,pncA_A30S,R,{},{},{}
NC_000962.3,NEJM2018,v1.0,GARC1,RUS,PZA,pncA_A30V,R,{},{},{}
NC_000962.3,NEJM2018,v1.0,GARC1,RUS,PZA,pncA_A36D,R,{},{},{}
NC_000962.3,NEJM2018,v1.0,GARC1,RUS,PZA,pncA_A36S,R,{},{},{}
NC_000962.3,NEJM2018,v1.0,GARC1,RUS,PZA,pncA_A38A,R,{},{},{}
NC_000962.3,NEJM2018,v1.0,GARC1,RUS,PZA,pncA_A38G,R,{},{},{}
NC_000962.3,NEJM2018,v1.0,GARC1,RUS,PZA,pncA_A38S,R,{},{},{}
NC_000962.3,NEJM2018,v1.0,GARC1,RUS,PZA,pncA_A3A,R,{},{},{}
NC_000962.3,NEJM2018,v1.0,GARC1,RUS,PZA,pncA_A3E,R,{},{},{}
NC_000962.3,NEJM2018,v1.0,GARC1,RUS,PZA,pncA_A46A,R,{},{},{}
NC_000962.3,NEJM2018,v1.0,GARC1,RUS,PZA,pncA_A46E,R,{},{},{}
NC_000962.3,NEJM2018,v1.0,GARC1,RUS,PZA,pncA_A46P,R,{},{},{}
NC_000962.3,NEJM2018,v1.0,GARC1,RUS,PZA,pncA_A46V,R,{},{},{}
NC_000962.3,NEJM2018,v1.0,GARC1,RUS,PZA,pncA_A79A,R,{},{},{}
NC_000962.3,NEJM2018,v1.0,GARC1,RUS,PZA,pncA_A79P,R,{},{},{}
NC_000962.3,NEJM2018,v1.0,GARC1,RUS,PZA,pncA_A79T,S,{},{},{}
NC_000962.3,NEJM2018,v1.0,GARC1,RUS,PZA,pncA_A89V,R,{},{},{}
NC_000962.3,NEJM2018,v1.0,GARC1,RUS,PZA,pncA_A92E,R,{},{},{}
NC_000962.3,NEJM2018,v1.0,GARC1,RUS,PZA,pncA_C138!,R,{},{},{}
NC_000962.3,NEJM2018,v1.0,GARC1,RUS,PZA,pncA_C138F,R,{},{},{}
NC_000962.3,NEJM2018,v1.0,GARC1,RUS,PZA,pncA_C138G,R,{},{},{}
NC_000962.3,NEJM2018,v1.0,GARC1,RUS,PZA,pncA_C138R,R,{},{},{}
NC_000962.3,NEJM2018,v1.0,GARC1,RUS,PZA,pncA_C138S,R,{},{},{}
NC_000962.3,NEJM2018,v1.0,GARC1,RUS,PZA,pncA_C138Y,R,{},{},{}
NC_000962.3,NEJM2018,v1.0,GARC1,RUS,PZA,pncA_C14!,R,{},{},{}
NC_000962.3,NEJM2018,v1.0,GARC1,RUS,PZA,pncA_C14R,R,{},{},{}
NC_000962.3,NEJM2018,v1.0,GARC1,RUS,PZA,pncA_C14W,R,{},{},{}
NC_000962.3,NEJM2018,v1.0,GARC1,RUS,PZA,pncA_C14Y,R,{},{},{}
NC_000962.3,NEJM2018,v1.0,GARC1,RUS,PZA,pncA_C184R,R,{},{},{}
NC_000962.3,NEJM2018,v1.0,GARC1,RUS,PZA,pncA_C72!,R,{},{},{}
NC_000962.3,NEJM2018,v1.0,GARC1,RUS,PZA,pncA_C72F,R,{},{},{}
NC_000962.3,NEJM2018,v1.0,GARC1,RUS,PZA,pncA_C72R,R,{},{},{}
NC_000962.3,NEJM2018,v1.0,GARC1,RUS,PZA,pncA_C72W,R,{},{},{}
NC_000962.3,NEJM2018,v1.0,GARC1,RUS,PZA,pncA_C72Y,R,{},{},{}
NC_000962.3,NEJM2018,v1.0,GARC1,RUS,PZA,pncA_D110E,R,{},{},{}
NC_000962.3,NEJM2018,v1.0,GARC1,RUS,PZA,pncA_D110H,R,{},{},{}
NC_000962.3,NEJM2018,v1.0,GARC1,RUS,PZA,pncA_D110N,R,{},{},{}
NC_000962.3,NEJM2018,v1.0,GARC1,RUS,PZA,pncA_D129E,R,{},{},{}
NC_000962.3,NEJM2018,v1.0,GARC1,RUS,PZA,pncA_D129N,S,{},{},{}
NC_000962.3,NEJM2018,v1.0,GARC1,RUS,PZA,pncA_D12A,R,{},{},{}
NC_000962.3,NEJM2018,v1.0,GARC1,RUS,PZA,pncA_D12E,R,{},{},{}
NC_000962.3,NEJM2018,v1.0,GARC1,RUS,PZA,pncA_D12G,R,{},{},{}
NC_000962.3,NEJM2018,v1.0,GARC1,RUS,PZA,pncA_D12H,R,{},{},{}
NC_000962.3,NEJM2018,v1.0,GARC1,RUS,PZA,pncA_D12N,R,{},{},{}
NC_000962.3,NEJM2018,v1.0,GARC1,RUS,PZA,pncA_D12Y,R,{},{},{}
NC_000962.3,NEJM2018,v1.0,GARC1,RUS,PZA,pncA_D136H,R,{},{},{}
NC_000962.3,NEJM2018,v1.0,GARC1,RUS,PZA,pncA_D136N,R,{},{},{}
NC_000962.3,NEJM2018,v1.0,GARC1,RUS,PZA,pncA_D136V,R,{},{},{}
NC_000962.3,NEJM2018,v1.0,GARC1,RUS,PZA,pncA_D136Y,R,{},{},{}
NC_000962.3,NEJM2018,v1.0,GARC1,RUS,PZA,pncA_D145E,R,{},{},{}
NC_000962.3,NEJM2018,v1.0,GARC1,RUS,PZA,pncA_D158G,R,{},{},{}
NC_000962.3,NEJM2018,v1.0,GARC1,RUS,PZA,pncA_D166V,R,{},{},{}
NC_000962.3,NEJM2018,v1.0,GARC1,RUS,PZA,pncA_D49E,R,{},{},{}
NC_000962.3,NEJM2018,v1.0,GARC1,RUS,PZA,pncA_D49G,R,{},{},{}
NC_000962.3,NEJM2018,v1.0,GARC1,RUS,PZA,pncA_D49H,R,{},{},{}
NC_000962.3,NEJM2018,v1.0,GARC1,RUS,PZA,pncA_D49N,R,{},{},{}
NC_000962.3,NEJM2018,v1.0,GARC1,RUS,PZA,pncA_D49V,R,{},{},{}
NC_000962.3,NEJM2018,v1.0,GARC1,RUS,PZA,pncA_D49Y,R,{},{},{}
NC_000962.3,NEJM2018,v1.0,GARC1,RUS,PZA,pncA_D53E,S,{},{},{}
NC_000962.3,NEJM2018,v1.0,GARC1,RUS,PZA,pncA_D56D,R,{},{},{}
NC_000962.3,NEJM2018,v1.0,GARC1,RUS,PZA,pncA_D63A,S,{},{},{}
NC_000962.3,NEJM2018,v1.0,GARC1,RUS,PZA,pncA_D63E,R,{},{},{}
NC_000962.3,NEJM2018,v1.0,GARC1,RUS,PZA,pncA_D63G,R,{},{},{}
NC_000962.3,NEJM2018,v1.0,GARC1,RUS,PZA,pncA_D63H,R,{},{},{}
NC_000962.3,NEJM2018,v1.0,GARC1,RUS,PZA,pncA_D63Y,R,{},{},{}
NC_000962.3,NEJM2018,v1.0,GARC1,RUS,PZA,pncA_D80H,R,{},{},{}
NC_000962.3,NEJM2018,v1.0,GARC1,RUS,PZA,pncA_D86V,R,{},{},{}
NC_000962.3,NEJM2018,v1.0,GARC1,RUS,PZA,pncA_D8A,R,{},{},{}
NC_000962.3,NEJM2018,v1.0,GARC1,RUS,PZA,pncA_D8E,R,{},{},{}
NC_000962.3,NEJM2018,v1.0,GARC1,RUS,PZA,pncA_D8G,R,{},{},{}
NC_000962.3,NEJM2018,v1.0,GARC1,RUS,PZA,pncA_D8H,R,{},{},{}
NC_000962.3,NEJM2018,v1.0,GARC1,RUS,PZA,pncA_D8N,R,{},{},{}
NC_000962.3,NEJM2018,v1.0,GARC1,RUS,PZA,pncA_D8V,R,{},{},{}
NC_000962.3,NEJM2018,v1.0,GARC1,RUS,PZA,pncA_D8Y,R,{},{},{}
NC_000962.3,NEJM2018,v1.0,GARC1,RUS,PZA,pncA_E107E,R,{},{},{}
NC_000962.3,NEJM2018,v1.0,GARC1,RUS,PZA,pncA_E111!,R,{},{},{}
NC_000962.3,NEJM2018,v1.0,GARC1,RUS,PZA,pncA_E127!,R,{},{},{}
NC_000962.3,NEJM2018,v1.0,GARC1,RUS,PZA,pncA_E127D,R,{},{},{}
NC_000962.3,NEJM2018,v1.0,GARC1,RUS,PZA,pncA_E144!,R,{},{},{}
NC_000962.3,NEJM2018,v1.0,GARC1,RUS,PZA,pncA_E15!,R,{},{},{}
NC_000962.3,NEJM2018,v1.0,GARC1,RUS,PZA,pncA_E173!,R,{},{},{}
NC_000962.3,NEJM2018,v1.0,GARC1,RUS,PZA,pncA_E173G,R,{},{},{}
NC_000962.3,NEJM2018,v1.0,GARC1,RUS,PZA,pncA_E174G,R,{},{},{}
NC_000962.3,NEJM2018,v1.0,GARC1,RUS,PZA,pncA_E174K,R,{},{},{}
NC_000962.3,NEJM2018,v1.0,GARC1,RUS,PZA,pncA_E181!,R,{},{},{}
NC_000962.3,NEJM2018,v1.0,GARC1,RUS,PZA,pncA_E181K,R,{},{},{}
NC_000962.3,NEJM2018,v1.0,GARC1,RUS,PZA,pncA_E37!,R,{},{},{}
NC_000962.3,NEJM2018,v1.0,GARC1,RUS,PZA,pncA_E37V,S,{},{},{}
NC_000962.3,NEJM2018,v1.0,GARC1,RUS,PZA,pncA_E91!,R,{},{},{}
NC_000962.3,NEJM2018,v1.0,GARC1,RUS,PZA,pncA_F106S,R,{},{},{}
NC_000962.3,NEJM2018,v1.0,GARC1,RUS,PZA,pncA_F106Y,R,{},{},{}
NC_000962.3,NEJM2018,v1.0,GARC1,RUS,PZA,pncA_F13I,R,{},{},{}
NC_000962.3,NEJM2018,v1.0,GARC1,RUS,PZA,pncA_F13V,R,{},{},{}
NC_000962.3,NEJM2018,v1.0,GARC1,RUS,PZA,pncA_F13Y,R,{},{},{}
NC_000962.3,NEJM2018,v1.0,GARC1,RUS,PZA,pncA_F50F,R,{},{},{}
NC_000962.3,NEJM2018,v1.0,GARC1,RUS,PZA,pncA_F58I,R,{},{},{}
NC_000962.3,NEJM2018,v1.0,GARC1,RUS,PZA,pncA_F58L,R,{},{},{}
NC_000962.3,NEJM2018,v1.0,GARC1,RUS,PZA,pncA_F58S,R,{},{},{}
NC_000962.3,NEJM2018,v1.0,GARC1,RUS,PZA,pncA_F81S,R,{},{},{}
NC_000962.3,NEJM2018,v1.0,GARC1,RUS,PZA,pncA_F81V,R,{},{},{}
NC_000962.3,NEJM2018,v1.0,GARC1,RUS,PZA,pncA_F94C,R,{},{},{}
NC_000962.3,NEJM2018,v1.0,GARC1,RUS,PZA,pncA_F94F,R,{},{},{}
NC_000962.3,NEJM2018,v1.0,GARC1,RUS,PZA,pncA_F94L,R,{},{},{}
NC_000962.3,NEJM2018,v1.0,GARC1,RUS,PZA,pncA_F94S,R,{},{},{}
NC_000962.3,NEJM2018,v1.0,GARC1,RUS,PZA,pncA_G101!,R,{},{},{}
NC_000962.3,NEJM2018,v1.0,GARC1,RUS,PZA,pncA_G101E,R,{},{},{}
NC_000962.3,NEJM2018,v1.0,GARC1,RUS,PZA,pncA_G105D,R,{},{},{}
NC_000962.3,NEJM2018,v1.0,GARC1,RUS,PZA,pncA_G105R,R,{},{},{}
NC_000962.3,NEJM2018,v1.0,GARC1,RUS,PZA,pncA_G105V,R,{},{},{}
NC_000962.3,NEJM2018,v1.0,GARC1,RUS,PZA,pncA_G108!,R,{},{},{}
NC_000962.3,NEJM2018,v1.0,GARC1,RUS,PZA,pncA_G108E,R,{},{},{}
NC_000962.3,NEJM2018,v1.0,GARC1,RUS,PZA,pncA_G108R,R,{},{},{}
NC_000962.3,NEJM2018,v1.0,GARC1,RUS,PZA,pncA_G124S,R,{},{},{}
NC_000962.3,NEJM2018,v1.0,GARC1,RUS,PZA,pncA_G132A,R,{},{},{}
NC_000962.3,NEJM2018,v1.0,GARC1,RUS,PZA,pncA_G132C,R,{},{},{}
NC_000962.3,NEJM2018,v1.0,GARC1,RUS,PZA,pncA_G132D,R,{},{},{}
NC_000962.3,NEJM2018,v1.0,GARC1,RUS,PZA,pncA_G132R,R,{},{},{}
NC_000962.3,NEJM2018,v1.0,GARC1,RUS,PZA,pncA_G132S,R,{},{},{}
NC_000962.3,NEJM2018,v1.0,GARC1,RUS,PZA,pncA_G132V,R,{},{},{}
NC_000962.3,NEJM2018,v1.0,GARC1,RUS,PZA,pncA_G150G,R,{},{},{}
NC_000962.3,NEJM2018,v1.0,GARC1,RUS,PZA,pncA_G162A,R,{},{},{}
NC_000962.3,NEJM2018,v1.0,GARC1,RUS,PZA,pncA_G162D,R,{},{},{}
NC_000962.3,NEJM2018,v1.0,GARC1,RUS,PZA,pncA_G162V,R,{},{},{}
NC_000962.3,NEJM2018,v1.0,GARC1,RUS,PZA,pncA_G16G,R,{},{},{}
NC_000962.3,NEJM2018,v1.0,GARC1,RUS,PZA,pncA_G16R,R,{},{},{}
NC_000962.3,NEJM2018,v1.0,GARC1,RUS,PZA,pncA_G16V,R,{},{},{}
NC_000962.3,NEJM2018,v1.0,GARC1,RUS,PZA,pncA_G17C,R,{},{},{}
NC_000962.3,NEJM2018,v1.0,GARC1,RUS,PZA,pncA_G17D,R,{},{},{}
NC_000962.3,NEJM2018,v1.0,GARC1,RUS,PZA,pncA_G17S,S,{},{},{}
NC_000962.3,NEJM2018,v1.0,GARC1,RUS,PZA,pncA_G23V,R,{},{},{}
NC_000962.3,NEJM2018,v1.0,GARC1,RUS,PZA,pncA_G24D,R,{},{},{}
NC_000962.3,NEJM2018,v1.0,GARC1,RUS,PZA,pncA_G24V,R,{},{},{}
NC_000962.3,NEJM2018,v1.0,GARC1,RUS,PZA,pncA_G55C,R,{},{},{}
NC_000962.3,NEJM2018,v1.0,GARC1,RUS,PZA,pncA_G75V,R,{},{},{}
NC_000962.3,NEJM2018,v1.0,GARC1,RUS,PZA,pncA_G78C,R,{},{},{}
NC_000962.3,NEJM2018,v1.0,GARC1,RUS,PZA,pncA_G78D,R,{},{},{}
NC_000962.3,NEJM2018,v1.0,GARC1,RUS,PZA,pncA_G78V,R,{},{},{}
NC_000962.3,NEJM2018,v1.0,GARC1,RUS,PZA,pncA_G97C,R,{},{},{}
NC_000962.3,NEJM2018,v1.0,GARC1,RUS,PZA,pncA_G97D,R,{},{},{}
NC_000962.3,NEJM2018,v1.0,GARC1,RUS,PZA,pncA_G97R,R,{},{},{}
NC_000962.3,NEJM2018,v1.0,GARC1,RUS,PZA,pncA_G97S,R,{},{},{}
NC_000962.3,NEJM2018,v1.0,GARC1,RUS,PZA,pncA_H137D,R,{},{},{}
NC_000962.3,NEJM2018,v1.0,GARC1,RUS,PZA,pncA_H137P,R,{},{},{}
NC_000962.3,NEJM2018,v1.0,GARC1,RUS,PZA,pncA_H137R,R,{},{},{}
NC_000962.3,NEJM2018,v1.0,GARC1,RUS,PZA,pncA_H42N,R,{},{},{}
NC_000962.3,NEJM2018,v1.0,GARC1,RUS,PZA,pncA_H42Q,R,{},{},{}
NC_000962.3,NEJM2018,v1.0,GARC1,RUS,PZA,pncA_H43P,R,{},{},{}
NC_000962.3,NEJM2018,v1.0,GARC1,RUS,PZA,pncA_H43Q,R,{},{},{}
NC_000962.3,NEJM2018,v1.0,GARC1,RUS,PZA,pncA_H51D,R,{},{},{}
NC_000962.3,NEJM2018,v1.0,GARC1,RUS,PZA,pncA_H51L,R,{},{},{}
NC_000962.3,NEJM2018,v1.0,GARC1,RUS,PZA,pncA_H51N,R,{},{},{}
NC_000962.3,NEJM2018,v1.0,GARC1,RUS,PZA,pncA_H51Q,R,{},{},{}
NC_000962.3,NEJM2018,v1.0,GARC1,RUS,PZA,pncA_H51R,R,{},{},{}
NC_000962.3,NEJM2018,v1.0,GARC1,RUS,PZA,pncA_H51Y,R,{},{},{}
NC_000962.3,NEJM2018,v1.0,GARC1,RUS,PZA,pncA_H57D,R,{},{},{}
NC_000962.3,NEJM2018,v1.0,GARC1,RUS,PZA,pncA_H57L,R,{},{},{}
NC_000962.3,NEJM2018,v1.0,GARC1,RUS,PZA,pncA_H57N,R,{},{},{}
NC_000962.3,NEJM2018,v1.0,GARC1,RUS,PZA,pncA_H57P,R,{},{},{}
NC_000962.3,NEJM2018,v1.0,GARC1,RUS,PZA,pncA_H57Q,R,{},{},{}
NC_000962.3,NEJM2018,v1.0,GARC1,RUS,PZA,pncA_H57R,R,{},{},{}
NC_000962.3,NEJM2018,v1.0,GARC1,RUS,PZA,pncA_H57Y,R,{},{},{}
NC_000962.3,NEJM2018,v1.0,GARC1,RUS,PZA,pncA_H71D,R,{},{},{}
NC_000962.3,NEJM2018,v1.0,GARC1,RUS,PZA,pncA_H71H,R,{},{},{}
NC_000962.3,NEJM2018,v1.0,GARC1,RUS,PZA,pncA_H71L,R,{},{},{}
NC_000962.3,NEJM2018,v1.0,GARC1,RUS,PZA,pncA_H71N,R,{},{},{}
NC_000962.3,NEJM2018,v1.0,GARC1,RUS,PZA,pncA_H71Q,R,{},{},{}
NC_000962.3,NEJM2018,v1.0,GARC1,RUS,PZA,pncA_H71R,R,{},{},{}
NC_000962.3,NEJM2018,v1.0,GARC1,RUS,PZA,pncA_H71Y,R,{},{},{}
NC_000962.3,NEJM2018,v1.0,GARC1,RUS,PZA,pncA_H82D,S,{},{},{}
NC_000962.3,NEJM2018,v1.0,GARC1,RUS,PZA,pncA_H82L,R,{},{},{}
NC_000962.3,NEJM2018,v1.0,GARC1,RUS,PZA,pncA_H82R,R,{},{},{}
NC_000962.3,NEJM2018,v1.0,GARC1,RUS,PZA,pncA_I133F,R,{},{},{}
NC_000962.3,NEJM2018,v1.0,GARC1,RUS,PZA,pncA_I133N,R,{},{},{}
NC_000962.3,NEJM2018,v1.0,GARC1,RUS,PZA,pncA_I133T,R,{},{},{}
NC_000962.3,NEJM2018,v1.0,GARC1,RUS,PZA,pncA_I31F,R,{},{},{}
NC_000962.3,NEJM2018,v1.0,GARC1,RUS,PZA,pncA_I31N,R,{},{},{}
NC_000962.3,NEJM2018,v1.0,GARC1,RUS,PZA,pncA_I31T,R,{},{},{}
NC_000962.3,NEJM2018,v1.0,GARC1,RUS,PZA,pncA_I52T,R,{},{},{}
NC_000962.3,NEJM2018,v1.0,GARC1,RUS,PZA,pncA_I5F,R,{},{},{}
NC_000962.3,NEJM2018,v1.0,GARC1,RUS,PZA,pncA_I5M,R,{},{},{}
NC_000962.3,NEJM2018,v1.0,GARC1,RUS,PZA,pncA_I5N,R,{},{},{}
NC_000962.3,NEJM2018,v1.0,GARC1,RUS,PZA,pncA_I5T,R,{},{},{}
NC_000962.3,NEJM2018,v1.0,GARC1,RUS,PZA,pncA_I6F,R,{},{},{}
NC_000962.3,NEJM2018,v1.0,GARC1,RUS,PZA,pncA_I6M,R,{},{},{}
NC_000962.3,NEJM2018,v1.0,GARC1,RUS,PZA,pncA_I6T,R,{},{},{}
NC_000962.3,NEJM2018,v1.0,GARC1,RUS,PZA,pncA_K48!,R,{},{},{}
NC_000962.3,NEJM2018,v1.0,GARC1,RUS,PZA,pncA_K48E,R,{},{},{}
NC_000962.3,NEJM2018,v1.0,GARC1,RUS,PZA,pncA_K48T,R,{},{},{}
NC_000962.3,NEJM2018,v1.0,GARC1,RUS,PZA,pncA_K96!,R,{},{},{}
NC_000962.3,NEJM2018,v1.0,GARC1,RUS,PZA,pncA_K96E,R,{},{},{}
NC_000962.3,NEJM2018,v1.0,GARC1,RUS,PZA,pncA_K96M,R,{},{},{}
NC_000962.3,NEJM2018,v1.0,GARC1,RUS,PZA,pncA_K96N,R,{},{},{}
NC_000962.3,NEJM2018,v1.0,GARC1,RUS,PZA,pncA_K96Q,R,{},{},{}
NC_000962.3,NEJM2018,v1.0,GARC1,RUS,PZA,pncA_K96R,R,{},{},{}
NC_000962.3,NEJM2018,v1.0,GARC1,RUS,PZA,pncA_K96T,R,{},{},{}
NC_000962.3,NEJM2018,v1.0,GARC1,RUS,PZA,pncA_L116P,R,{},{},{}
NC_000962.3,NEJM2018,v1.0,GARC1,RUS,PZA,pncA_L116Q,R,{},{},{}
NC_000962.3,NEJM2018,v1.0,GARC1,RUS,PZA,pncA_L116R,R,{},{},{}
NC_000962.3,NEJM2018,v1.0,GARC1,RUS,PZA,pncA_L117Q,R,{},{},{}
NC_000962.3,NEJM2018,v1.0,GARC1,RUS,PZA,pncA_L120P,R,{},{},{}
NC_000962.3,NEJM2018,v1.0,GARC1,RUS,PZA,pncA_L120Q,R,{},{},{}
NC_000962.3,NEJM2018,v1.0,GARC1,RUS,PZA,pncA_L151!,R,{},{},{}
NC_000962.3,NEJM2018,v1.0,GARC1,RUS,PZA,pncA_L151S,R,{},{},{}
NC_000962.3,NEJM2018,v1.0,GARC1,RUS,PZA,pncA_L156P,R,{},{},{}
NC_000962.3,NEJM2018,v1.0,GARC1,RUS,PZA,pncA_L156R,R,{},{},{}
NC_000962.3,NEJM2018,v1.0,GARC1,RUS,PZA,pncA_L159P,R,{},{},{}
NC_000962.3,NEJM2018,v1.0,GARC1,RUS,PZA,pncA_L159Q,R,{},{},{}
NC_000962.3,NEJM2018,v1.0,GARC1,RUS,PZA,pncA_L159V,R,{},{},{}
NC_000962.3,NEJM2018,v1.0,GARC1,RUS,PZA,pncA_L172P,R,{},{},{}
NC_000962.3,NEJM2018,v1.0,GARC1,RUS,PZA,pncA_L182S,S,{},{},{}
NC_000962.3,NEJM2018,v1.0,GARC1,RUS,PZA,pncA_L19L,R,{},{},{}
NC_000962.3,NEJM2018,v1.0,GARC1,RUS,PZA,pncA_L19P,R,{},{},{}
NC_000962.3,NEJM2018,v1.0,GARC1,RUS,PZA,pncA_L19Q,R,{},{},{}
NC_000962.3,NEJM2018,v1.0,GARC1,RUS,PZA,pncA_L27P,R,{},{},{}
NC_000962.3,NEJM2018,v1.0,GARC1,RUS,PZA,pncA_L27Q,R,{},{},{}
NC_000962.3,NEJM2018,v1.0,GARC1,RUS,PZA,pncA_L35P,R,{},{},{}
NC_000962.3,NEJM2018,v1.0,GARC1,RUS,PZA,pncA_L35R,S,{},{},{}
NC_000962.3,NEJM2018,v1.0,GARC1,RUS,PZA,pncA_L4!,R,{},{},{}
NC_000962.3,NEJM2018,v1.0,GARC1,RUS,PZA,pncA_L4F,R,{},{},{}
NC_000962.3,NEJM2018,v1.0,GARC1,RUS,PZA,pncA_L4S,R,{},{},{}
NC_000962.3,NEJM2018,v1.0,GARC1,RUS,PZA,pncA_L4V,R,{},{},{}
NC_000962.3,NEJM2018,v1.0,GARC1,RUS,PZA,pncA_L4W,R,{},{},{}
NC_000962.3,NEJM2018,v1.0,GARC1,RUS,PZA,pncA_L85P,R,{},{},{}
NC_000962.3,NEJM2018,v1.0,GARC1,RUS,PZA,pncA_L85Q,R,{},{},{}
NC_000962.3,NEJM2018,v1.0,GARC1,RUS,PZA,pncA_L85R,R,{},{},{}
NC_000962.3,NEJM2018,v1.0,GARC1,RUS,PZA,pncA_M175I,R,{},{},{}
NC_000962.3,NEJM2018,v1.0,GARC1,RUS,PZA,pncA_M175K,R,{},{},{}
NC_000962.3,NEJM2018,v1.0,GARC1,RUS,PZA,pncA_M175T,R,{},{},{}
NC_000962.3,NEJM2018,v1.0,GARC1,RUS,PZA,pncA_M175V,R,{},{},{}
NC_000962.3,NEJM2018,v1.0,GARC1,RUS,PZA,pncA_M1I,S,{},{},{}
NC_000962.3,NEJM2018,v1.0,GARC1,RUS,PZA,pncA_M1L,R,{},{},{}
NC_000962.3,NEJM2018,v1.0,GARC1,RUS,PZA,pncA_N112S,R,{},{},{}
NC_000962.3,NEJM2018,v1.0,GARC1,RUS,PZA,pncA_N118N,R,{},{},{}
NC_000962.3,NEJM2018,v1.0,GARC1,RUS,PZA,pncA_N118Y,R,{},{},{}
NC_000962.3,NEJM2018,v1.0,GARC1,RUS,PZA,pncA_N11T,R,{},{},{}
NC_000962.3,NEJM2018,v1.0,GARC1,RUS,PZA,pncA_N149I,R,{},{},{}
NC_000962.3,NEJM2018,v1.0,GARC1,RUS,PZA,pncA_N149Y,R,{},{},{}
NC_000962.3,NEJM2018,v1.0,GARC1,RUS,PZA,pncA_P115A,R,{},{},{}
NC_000962.3,NEJM2018,v1.0,GARC1,RUS,PZA,pncA_P115R,R,{},{},{}
NC_000962.3,NEJM2018,v1.0,GARC1,RUS,PZA,pncA_P54L,R,{},{},{}
NC_000962.3,NEJM2018,v1.0,GARC1,RUS,PZA,pncA_P54Q,R,{},{},{}
NC_000962.3,NEJM2018,v1.0,GARC1,RUS,PZA,pncA_P54R,R,{},{},{}
NC_000962.3,NEJM2018,v1.0,GARC1,RUS,PZA,pncA_P54S,R,{},{},{}
NC_000962.3,NEJM2018,v1.0,GARC1,RUS,PZA,pncA_P54T,R,{},{},{}
NC_000962.3,NEJM2018,v1.0,GARC1,RUS,PZA,pncA_P62A,R,{},{},{}
NC_000962.3,NEJM2018,v1.0,GARC1,RUS,PZA,pncA_P62L,R,{},{},{}
NC_000962.3,NEJM2018,v1.0,GARC1,RUS,PZA,pncA_P62P,R,{},{},{}
NC_000962.3,NEJM2018,v1.0,GARC1,RUS,PZA,pncA_P62Q,R,{},{},{}
NC_000962.3,NEJM2018,v1.0,GARC1,RUS,PZA,pncA_P62R,R,{},{},{}
NC_000962.3,NEJM2018,v1.0,GARC1,RUS,PZA,pncA_P62S,R,{},{},{}
NC_000962.3,NEJM2018,v1.0,GARC1,RUS,PZA,pncA_P69L,R,{},{},{}
NC_000962.3,NEJM2018,v1.0,GARC1,RUS,PZA,pncA_P69Q,R,{},{},{}
NC_000962.3,NEJM2018,v1.0,GARC1,RUS,PZA,pncA_P69S,S,{},{},{}
NC_000962.3,NEJM2018,v1.0,GARC1,RUS,PZA,pncA_P70A,R,{},{},{}
NC_000962.3,NEJM2018,v1.0,GARC1,RUS,PZA,pncA_P70S,R,{},{},{}
NC_000962.3,NEJM2018,v1.0,GARC1,RUS,PZA,pncA_P77L,S,{},{},{}
NC_000962.3,NEJM2018,v1.0,GARC1,RUS,PZA,pncA_P77S,R,{},{},{}
NC_000962.3,NEJM2018,v1.0,GARC1,RUS,PZA,pncA_Q10!,R,{},{},{}
NC_000962.3,NEJM2018,v1.0,GARC1,RUS,PZA,pncA_Q10E,R,{},{},{}
NC_000962.3,NEJM2018,v1.0,GARC1,RUS,PZA,pncA_Q10H,R,{},{},{}
NC_000962.3,NEJM2018,v1.0,GARC1,RUS,PZA,pncA_Q10L,R,{},{},{}
NC_000962.3,NEJM2018,v1.0,GARC1,RUS,PZA,pncA_Q10P,R,{},{},{}
NC_000962.3,NEJM2018,v1.0,GARC1,RUS,PZA,pncA_Q10R,R,{},{},{}
NC_000962.3,NEJM2018,v1.0,GARC1,RUS,PZA,pncA_Q122!,R,{},{},{}
NC_000962.3,NEJM2018,v1.0,GARC1,RUS,PZA,pncA_Q122K,R,{},{},{}
NC_000962.3,NEJM2018,v1.0,GARC1,RUS,PZA,pncA_Q122Q,R,{},{},{}
NC_000962.3,NEJM2018,v1.0,GARC1,RUS,PZA,pncA_Q141!,R,{},{},{}
NC_000962.3,NEJM2018,v1.0,GARC1,RUS,PZA,pncA_Q141P,R,{},{},{}
NC_000962.3,NEJM2018,v1.0,GARC1,RUS,PZA,pncA_R121Q,S,{},{},{}
NC_000962.3,NEJM2018,v1.0,GARC1,RUS,PZA,pncA_R123P,R,{},{},{}
NC_000962.3,NEJM2018,v1.0,GARC1,RUS,PZA,pncA_R123S,R,{},{},{}
NC_000962.3,NEJM2018,v1.0,GARC1,RUS,PZA,pncA_R140P,R,{},{},{}
NC_000962.3,NEJM2018,v1.0,GARC1,RUS,PZA,pncA_R154M,R,{},{},{}
NC_000962.3,NEJM2018,v1.0,GARC1,RUS,PZA,pncA_R176P,R,{},{},{}
NC_000962.3,NEJM2018,v1.0,GARC1,RUS,PZA,pncA_R29C,R,{},{},{}
NC_000962.3,NEJM2018,v1.0,GARC1,RUS,PZA,pncA_S104C,R,{},{},{}
NC_000962.3,NEJM2018,v1.0,GARC1,RUS,PZA,pncA_S104G,R,{},{},{}
NC_000962.3,NEJM2018,v1.0,GARC1,RUS,PZA,pncA_S104R,R,{},{},{}
NC_000962.3,NEJM2018,v1.0,GARC1,RUS,PZA,pncA_S164!,R,{},{},{}
NC_000962.3,NEJM2018,v1.0,GARC1,RUS,PZA,pncA_S164P,R,{},{},{}
NC_000962.3,NEJM2018,v1.0,GARC1,RUS,PZA,pncA_S164S,R,{},{},{}
NC_000962.3,NEJM2018,v1.0,GARC1,RUS,PZA,pncA_S164T,R,{},{},{}
NC_000962.3,NEJM2018,v1.0,GARC1,RUS,PZA,pncA_S179N,R,{},{},{}
NC_000962.3,NEJM2018,v1.0,GARC1,RUS,PZA,pncA_S18!,R,{},{},{}
NC_000962.3,NEJM2018,v1.0,GARC1,RUS,PZA,pncA_S186F,R,{},{},{}
NC_000962.3,NEJM2018,v1.0,GARC1,RUS,PZA,pncA_S18L,R,{},{},{}
NC_000962.3,NEJM2018,v1.0,GARC1,RUS,PZA,pncA_S18P,S,{},{},{}
NC_000962.3,NEJM2018,v1.0,GARC1,RUS,PZA,pncA_S18T,R,{},{},{}
NC_000962.3,NEJM2018,v1.0,GARC1,RUS,PZA,pncA_S32I,R,{},{},{}
NC_000962.3,NEJM2018,v1.0,GARC1,RUS,PZA,pncA_S32N,R,{},{},{}
NC_000962.3,NEJM2018,v1.0,GARC1,RUS,PZA,pncA_S59F,R,{},{},{}
NC_000962.3,NEJM2018,v1.0,GARC1,RUS,PZA,pncA_S59P,R,{},{},{}
NC_000962.3,NEJM2018,v1.0,GARC1,RUS,PZA,pncA_S65F,R,{},{},{}
NC_000962.3,NEJM2018,v1.0,GARC1,RUS,PZA,pncA_S65P,S,{},{},{}
NC_000962.3,NEJM2018,v1.0,GARC1,RUS,PZA,pncA_S66!,R,{},{},{}
NC_000962.3,NEJM2018,v1.0,GARC1,RUS,PZA,pncA_S66L,S,{},{},{}
NC_000962.3,NEJM2018,v1.0,GARC1,RUS,PZA,pncA_S66P,R,{},{},{}
NC_000962.3,NEJM2018,v1.0,GARC1,RUS,PZA,pncA_S67!,R,{},{},{}
NC_000962.3,NEJM2018,v1.0,GARC1,RUS,PZA,pncA_S67P,R,{},{},{}
NC_000962.3,NEJM2018,v1.0,GARC1,RUS,PZA,pncA_S88!,R,{},{},{}
NC_000962.3,NEJM2018,v1.0,GARC1,RUS,PZA,pncA_S88T,R,{},{},{}
NC_000962.3,NEJM2018,v1.0,GARC1,RUS,PZA,pncA_T114A,R,{},{},{}
NC_000962.3,NEJM2018,v1.0,GARC1,RUS,PZA,pncA_T114M,S,{},{},{}
NC_000962.3,NEJM2018,v1.0,GARC1,RUS,PZA,pncA_T114P,R,{},{},{}
NC_000962.3,NEJM2018,v1.0,GARC1,RUS,PZA,pncA_T114T,R,{},{},{}
NC_000962.3,NEJM2018,v1.0,GARC1,RUS,PZA,pncA_T135I,R,{},{},{}
NC_000962.3,NEJM2018,v1.0,GARC1,RUS,PZA,pncA_T135N,R,{},{},{}
NC_000962.3,NEJM2018,v1.0,GARC1,RUS,PZA,pncA_T135P,R,{},{},{}
NC_000962.3,NEJM2018,v1.0,GARC1,RUS,PZA,pncA_T135S,R,{},{},{}
NC_000962.3,NEJM2018,v1.0,GARC1,RUS,PZA,pncA_T142A,R,{},{},{}
NC_000962.3,NEJM2018,v1.0,GARC1,RUS,PZA,pncA_T142K,R,{},{},{}
NC_000962.3,NEJM2018,v1.0,GARC1,RUS,PZA,pncA_T142M,R,{},{},{}
NC_000962.3,NEJM2018,v1.0,GARC1,RUS,PZA,pncA_T142R,R,{},{},{}
NC_000962.3,NEJM2018,v1.0,GARC1,RUS,PZA,pncA_T142T,R,{},{},{}
NC_000962.3,NEJM2018,v1.0,GARC1,RUS,PZA,pncA_T153N,R,{},{},{}
NC_000962.3,NEJM2018,v1.0,GARC1,RUS,PZA,pncA_T160K,R,{},{},{}
NC_000962.3,NEJM2018,v1.0,GARC1,RUS,PZA,pncA_T160P,R,{},{},{}
NC_000962.3,NEJM2018,v1.0,GARC1,RUS,PZA,pncA_T160R,R,{},{},{}
NC_000962.3,NEJM2018,v1.0,GARC1,RUS,PZA,pncA_T168I,S,{},{},{}
NC_000962.3,NEJM2018,v1.0,GARC1,RUS,PZA,pncA_T168P,R,{},{},{}
NC_000962.3,NEJM2018,v1.0,GARC1,RUS,PZA,pncA_T168S,S,{},{},{}
NC_000962.3,NEJM2018,v1.0,GARC1,RUS,PZA,pncA_T177T,R,{},{},{}
NC_000962.3,NEJM2018,v1.0,GARC1,RUS,PZA,pncA_T22I,R,{},{},{}
NC_000962.3,NEJM2018,v1.0,GARC1,RUS,PZA,pncA_T47A,R,{},{},{}
NC_000962.3,NEJM2018,v1.0,GARC1,RUS,PZA,pncA_T47I,S,{},{},{}
NC_000962.3,NEJM2018,v1.0,GARC1,RUS,PZA,pncA_T47S,R,{},{},{}
NC_000962.3,NEJM2018,v1.0,GARC1,RUS,PZA,pncA_T76I,R,{},{},{}
NC_000962.3,NEJM2018,v1.0,GARC1,RUS,PZA,pncA_T76P,R,{},{},{}
NC_000962.3,NEJM2018,v1.0,GARC1,RUS,PZA,pncA_T76S,R,{},{},{}
NC_000962.3,NEJM2018,v1.0,GARC1,RUS,PZA,pncA_T87M,S,{},{},{}
NC_000962.3,NEJM2018,v1.0,GARC1,RUS,PZA,pncA_V109L,R,{},{},{}
NC_000962.3,NEJM2018,v1.0,GARC1,RUS,PZA,pncA_V125A,R,{},{},{}
NC_000962.3,NEJM2018,v1.0,GARC1,RUS,PZA,pncA_V125D,R,{},{},{}
NC_000962.3,NEJM2018,v1.0,GARC1,RUS,PZA,pncA_V125F,R,{},{},{}
NC_000962.3,NEJM2018,v1.0,GARC1,RUS,PZA,pncA_V125G,R,{},{},{}
NC_000962.3,NEJM2018,v1.0,GARC1,RUS,PZA,pncA_V125V,R,{},{},{}
NC_000962.3,NEJM2018,v1.0,GARC1,RUS,PZA,pncA_V128A,R,{},{},{}
NC_000962.3,NEJM2018,v1.0,GARC1,RUS,PZA,pncA_V128D,R,{},{},{}
NC_000962.3,NEJM2018,v1.0,GARC1,RUS,PZA,pncA_V128G,R,{},{},{}
NC_000962.3,NEJM2018,v1.0,GARC1,RUS,PZA,pncA_V130E,R,{},{},{}
NC_000962.3,NEJM2018,v1.0,GARC1,RUS,PZA,pncA_V131D,R,{},{},{}
NC_000962.3,NEJM2018,v1.0,GARC1,RUS,PZA,pncA_V131F,R,{},{},{}
NC_000962.3,NEJM2018,v1.0,GARC1,RUS,PZA,pncA_V131I,R,{},{},{}
NC_000962.3,NEJM2018,v1.0,GARC1,RUS,PZA,pncA_V139A,R,{},{},{}
NC_000962.3,NEJM2018,v1.0,GARC1,RUS,PZA,pncA_V139E,R,{},{},{}
NC_000962.3,NEJM2018,v1.0,GARC1,RUS,PZA,pncA_V139G,R,{},{},{}
NC_000962.3,NEJM2018,v1.0,GARC1,RUS,PZA,pncA_V139L,R,{},{},{}
NC_000962.3,NEJM2018,v1.0,GARC1,RUS,PZA,pncA_V139M,R,{},{},{}
NC_000962.3,NEJM2018,v1.0,GARC1,RUS,PZA,pncA_V147A,R,{},{},{}
NC_000962.3,NEJM2018,v1.0,GARC1,RUS,PZA,pncA_V155E,R,{},{},{}
NC_000962.3,NEJM2018,v1.0,GARC1,RUS,PZA,pncA_V155G,R,{},{},{}
NC_000962.3,NEJM2018,v1.0,GARC1,RUS,PZA,pncA_V155M,R,{},{},{}
NC_000962.3,NEJM2018,v1.0,GARC1,RUS,PZA,pncA_V163E,R,{},{},{}
NC_000962.3,NEJM2018,v1.0,GARC1,RUS,PZA,pncA_V163G,S,{},{},{}
NC_000962.3,NEJM2018,v1.0,GARC1,RUS,PZA,pncA_V180D,R,{},{},{}
NC_000962.3,NEJM2018,v1.0,GARC1,RUS,PZA,pncA_V180F,R,{},{},{}
NC_000962.3,NEJM2018,v1.0,GARC1,RUS,PZA,pncA_V180G,R,{},{},{}
NC_000962.3,NEJM2018,v1.0,GARC1,RUS,PZA,pncA_V183D,R,{},{},{}
NC_000962.3,NEJM2018,v1.0,GARC1,RUS,PZA,pncA_V183L,S,{},{},{}
NC_000962.3,NEJM2018,v1.0,GARC1,RUS,PZA,pncA_V183V,R,{},{},{}
NC_000962.3,NEJM2018,v1.0,GARC1,RUS,PZA,pncA_V21A,R,{},{},{}
NC_000962.3,NEJM2018,v1.0,GARC1,RUS,PZA,pncA_V21E,R,{},{},{}
NC_000962.3,NEJM2018,v1.0,GARC1,RUS,PZA,pncA_V21G,R,{},{},{}
NC_000962.3,NEJM2018,v1.0,GARC1,RUS,PZA,pncA_V44D,R,{},{},{}
NC_000962.3,NEJM2018,v1.0,GARC1,RUS,PZA,pncA_V45A,S,{},{},{}
NC_000962.3,NEJM2018,v1.0,GARC1,RUS,PZA,pncA_V7A,R,{},{},{}
NC_000962.3,NEJM2018,v1.0,GARC1,RUS,PZA,pncA_V7D,R,{},{},{}
NC_000962.3,NEJM2018,v1.0,GARC1,RUS,PZA,pncA_V7F,R,{},{},{}
NC_000962.3,NEJM2018,v1.0,GARC1,RUS,PZA,pncA_V7G,R,{},{},{}
NC_000962.3,NEJM2018,v1.0,GARC1,RUS,PZA,pncA_V7L,R,{},{},{}
NC_000962.3,NEJM2018,v1.0,GARC1,RUS,PZA,pncA_V93E,R,{},{},{}
NC_000962.3,NEJM2018,v1.0,GARC1,RUS,PZA,pncA_V93L,R,{},{},{}
NC_000962.3,NEJM2018,v1.0,GARC1,RUS,PZA,pncA_W119!,R,{},{},{}
NC_000962.3,NEJM2018,v1.0,GARC1,RUS,PZA,pncA_W119G,R,{},{},{}
NC_000962.3,NEJM2018,v1.0,GARC1,RUS,PZA,pncA_W119L,R,{},{},{}
NC_000962.3,NEJM2018,v1.0,GARC1,RUS,PZA,pncA_W119R,R,{},{},{}
NC_000962.3,NEJM2018,v1.0,GARC1,RUS,PZA,pncA_W68!,R,{},{},{}
NC_000962.3,NEJM2018,v1.0,GARC1,RUS,PZA,pncA_W68C,R,{},{},{}
NC_000962.3,NEJM2018,v1.0,GARC1,RUS,PZA,pncA_W68G,R,{},{},{}
NC_000962.3,NEJM2018,v1.0,GARC1,RUS,PZA,pncA_W68L,R,{},{},{}
NC_000962.3,NEJM2018,v1.0,GARC1,RUS,PZA,pncA_W68R,R,{},{},{}
NC_000962.3,NEJM2018,v1.0,GARC1,RUS,PZA,pncA_Y103!,R,{},{},{}
NC_000962.3,NEJM2018,v1.0,GARC1,RUS,PZA,pncA_Y103H,R,{},{},{}
NC_000962.3,NEJM2018,v1.0,GARC1,RUS,PZA,pncA_Y34D,R,{},{},{}
NC_000962.3,NEJM2018,v1.0,GARC1,RUS,PZA,pncA_Y34Y,R,{},{},{}
NC_000962.3,NEJM2018,v1.0,GARC1,RUS,PZA,pncA_Y41!,R,{},{},{}
NC_000962.3,NEJM2018,v1.0,GARC1,RUS,PZA,pncA_Y41H,R,{},{},{}
NC_000962.3,NEJM2018,v1.0,GARC1,RUS,PZA,pncA_Y41Y,R,{},{},{}
NC_000962.3,NEJM2018,v1.0,GARC1,RUS,PZA,pncA_Y64!,R,{},{},{}
NC_000962.3,NEJM2018,v1.0,GARC1,RUS,PZA,pncA_Y64D,S,{},{},{}
NC_000962.3,NEJM2018,v1.0,GARC1,RUS,PZA,pncA_Y95!,R,{},{},{}
NC_000962.3,NEJM2018,v1.0,GARC1,RUS,PZA,pncA_Y99!,R,{},{},{}
NC_000962.3,NEJM2018,v1.0,GARC1,RUS,PZA,pncA_a-11g,R,{},{},{}
NC_000962.3,NEJM2018,v1.0,GARC1,RUS,PZA,pncA_c-19t,S,{},{},{}
NC_000962.3,NEJM2018,v1.0,GARC1,RUS,PZA,pncA_g-33a,S,{},{},{}
NC_000962.3,NEJM2018,v1.0,GARC1,RUS,PZA,pncA_t-12c,R,{},{},{}
NC_000962.3,NEJM2018,v1.0,GARC1,RUS,PZA,pncA_t-60g,S,{},{},{}
NC_000962.3,NEJM2018,v1.0,GARC1,RUS,PZA,pncA_t-7c,R,{},{},{}
NC_000962.3,NEJM2018,v1.0,GARC1,RUS,RIF,rpoB_1278_indel,R,{},{},{}
NC_000962.3,NEJM2018,v1.0,GARC1,RUS,RIF,rpoB_1292_indel,R,{},{},{}
NC_000962.3,NEJM2018,v1.0,GARC1,RUS,RIF,rpoB_1295_indel,R,{},{},{}
NC_000962.3,NEJM2018,v1.0,GARC1,RUS,RIF,rpoB_1296_indel,R,{},{},{}
NC_000962.3,NEJM2018,v1.0,GARC1,RUS,RIF,rpoB_1299_indel,R,{},{},{}
NC_000962.3,NEJM2018,v1.0,GARC1,RUS,RIF,rpoB_1300_ins,R,{},{},{}
NC_000962.3,NEJM2018,v1.0,GARC1,RUS,RIF,rpoB_1306_ins,R,{},{},{}
NC_000962.3,NEJM2018,v1.0,GARC1,RUS,RIF,rpoB_1309_del,R,{},{},{}
NC_000962.3,NEJM2018,v1.0,GARC1,RUS,RIF,rpoB_2546_indel,S,{},{},{}
NC_000962.3,NEJM2018,v1.0,GARC1,RUS,RIF,rpoB_A334D,S,{},{},{}
NC_000962.3,NEJM2018,v1.0,GARC1,RUS,RIF,rpoB_A451?,R,{},{},{}
NC_000962.3,NEJM2018,v1.0,GARC1,RUS,RIF,rpoB_A544V,S,{},{},{}
NC_000962.3,NEJM2018,v1.0,GARC1,RUS,RIF,rpoB_A69P,S,{},{},{}
NC_000962.3,NEJM2018,v1.0,GARC1,RUS,RIF,rpoB_A857T,S,{},{},{}
NC_000962.3,NEJM2018,v1.0,GARC1,RUS,RIF,rpoB_A998V,S,{},{},{}
NC_000962.3,NEJM2018,v1.0,GARC1,RUS,RIF,rpoB_D270E,S,{},{},{}
NC_000962.3,NEJM2018,v1.0,GARC1,RUS,RIF,rpoB_D362H,S,{},{},{}
NC_000962.3,NEJM2018,v1.0,GARC1,RUS,RIF,rpoB_D3G,S,{},{},{}
NC_000962.3,NEJM2018,v1.0,GARC1,RUS,RIF,rpoB_D435?,R,{},{},{}
NC_000962.3,NEJM2018,v1.0,GARC1,RUS,RIF,rpoB_D435A,R,{},{},{}
NC_000962.3,NEJM2018,v1.0,GARC1,RUS,RIF,rpoB_D435F,R,{},{},{}
NC_000962.3,NEJM2018,v1.0,GARC1,RUS,RIF,rpoB_D435G,R,{},{},{}
NC_000962.3,NEJM2018,v1.0,GARC1,RUS,RIF,rpoB_D435N,R,{},{},{}
NC_000962.3,NEJM2018,v1.0,GARC1,RUS,RIF,rpoB_D435V,R,{},{},{}
NC_000962.3,NEJM2018,v1.0,GARC1,RUS,RIF,rpoB_D435Y,R,{},{},{}
NC_000962.3,NEJM2018,v1.0,GARC1,RUS,RIF,rpoB_D515Y,S,{},{},{}
NC_000962.3,NEJM2018,v1.0,GARC1,RUS,RIF,rpoB_D53N,S,{},{},{}
NC_000962.3,NEJM2018,v1.0,GARC1,RUS,RIF,rpoB_D545A,S,{},{},{}
NC_000962.3,NEJM2018,v1.0,GARC1,RUS,RIF,rpoB_D545E,R,{},{},{}
NC_000962.3,NEJM2018,v1.0,GARC1,RUS,RIF,rpoB_D634G,S,{},{},{}
NC_000962.3,NEJM2018,v1.0,GARC1,RUS,RIF,rpoB_D851G,S,{},{},{}
NC_000962.3,NEJM2018,v1.0,GARC1,RUS,RIF,rpoB_E1169A,S,{},{},{}
NC_000962.3,NEJM2018,v1.0,GARC1,RUS,RIF,rpoB_E132D,S,{},{},{}
NC_000962.3,NEJM2018,v1.0,GARC1,RUS,RIF,rpoB_E563D,S,{},{},{}
NC_000962.3,NEJM2018,v1.0,GARC1,RUS,RIF,rpoB_E639G,S,{},{},{}
NC_000962.3,NEJM2018,v1.0,GARC1,RUS,RIF,rpoB_E639Q,S,{},{},{}
NC_000962.3,NEJM2018,v1.0,GARC1,RUS,RIF,rpoB_E66K,S,{},{},{}
NC_000962.3,NEJM2018,v1.0,GARC1,RUS,RIF,rpoB_E825G,S,{},{},{}
NC_000962.3,NEJM2018,v1.0,GARC1,RUS,RIF,rpoB_F425?,R,{},{},{}
NC_000962.3,NEJM2018,v1.0,GARC1,RUS,RIF,rpoB_F433?,R,{},{},{}
NC_000962.3,NEJM2018,v1.0,GARC1,RUS,RIF,rpoB_G28R,S,{},{},{}
NC_000962.3,NEJM2018,v1.0,GARC1,RUS,RIF,rpoB_G426?,R,{},{},{}
NC_000962.3,NEJM2018,v1.0,GARC1,RUS,RIF,rpoB_G442?,R,{},{},{}
NC_000962.3,NEJM2018,v1.0,GARC1,RUS,RIF,rpoB_G890D,S,{},{},{}
NC_000962.3,NEJM2018,v1.0,GARC1,RUS,RIF,rpoB_G981D,R,{},{},{}
NC_000962.3,NEJM2018,v1.0,GARC1,RUS,RIF,rpoB_H343Q,S,{},{},{}
NC_000962.3,NEJM2018,v1.0,GARC1,RUS,RIF,rpoB_H445?,R,{},{},{}
NC_000962.3,NEJM2018,v1.0,GARC1,RUS,RIF,rpoB_H445C,R,{},{},{}
NC_000962.3,NEJM2018,v1.0,GARC1,RUS,RIF,rpoB_H445D,R,{},{},{}
NC_000962.3,NEJM2018,v1.0,GARC1,RUS,RIF,rpoB_H445F,R,{},{},{}
NC_000962.3,NEJM2018,v1.0,GARC1,RUS,RIF,rpoB_H445G,R,{},{},{}
NC_000962.3,NEJM2018,v1.0,GARC1,RUS,RIF,rpoB_H445L,R,{},{},{}
NC_000962.3,NEJM2018,v1.0,GARC1,RUS,RIF,rpoB_H445N,R,{},{},{}
NC_000962.3,NEJM2018,v1.0,GARC1,RUS,RIF,rpoB_H445P,R,{},{},{}
NC_000962.3,NEJM2018,v1.0,GARC1,RUS,RIF,rpoB_H445R,R,{},{},{}
NC_000962.3,NEJM2018,v1.0,GARC1,RUS,RIF,rpoB_H445Y,R,{},{},{}
NC_000962.3,NEJM2018,v1.0,GARC1,RUS,RIF,rpoB_H674Q,S,{},{},{}
NC_000962.3,NEJM2018,v1.0,GARC1,RUS,RIF,rpoB_I491F,R,{},{},{}
NC_000962.3,NEJM2018,v1.0,GARC1,RUS,RIF,rpoB_K446?,R,{},{},{}
NC_000962.3,NEJM2018,v1.0,GARC1,RUS,RIF,rpoB_K944E,S,{},{},{}
NC_000962.3,NEJM2018,v1.0,GARC1,RUS,RIF,rpoB_L314V,S,{},{},{}
NC_000962.3,NEJM2018,v1.0,GARC1,RUS,RIF,rpoB_L316V,S,{},{},{}
NC_000962.3,NEJM2018,v1.0,GARC1,RUS,RIF,rpoB_L430?,R,{},{},{}
NC_000962.3,NEJM2018,v1.0,GARC1,RUS,RIF,rpoB_L430P,R,{},{},{}
NC_000962.3,NEJM2018,v1.0,GARC1,RUS,RIF,rpoB_L440?,R,{},{},{}
NC_000962.3,NEJM2018,v1.0,GARC1,RUS,RIF,rpoB_L443?,R,{},{},{}
NC_000962.3,NEJM2018,v1.0,GARC1,RUS,RIF,rpoB_L443F,S,{},{},{}
NC_000962.3,NEJM2018,v1.0,GARC1,RUS,RIF,rpoB_L449?,R,{},{},{}
NC_000962.3,NEJM2018,v1.0,GARC1,RUS,RIF,rpoB_L452?,R,{},{},{}
NC_000962.3,NEJM2018,v1.0,GARC1,RUS,RIF,rpoB_L452P,R,{},{},{}
NC_000962.3,NEJM2018,v1.0,GARC1,RUS,RIF,rpoB_L80V,S,{},{},{}
NC_000962.3,NEJM2018,v1.0,GARC1,RUS,RIF,rpoB_L893R,S,{},{},{}
NC_000962.3,NEJM2018,v1.0,GARC1,RUS,RIF,rpoB_M121I,S,{},{},{}
NC_000962.3,NEJM2018,v1.0,GARC1,RUS,RIF,rpoB_M153T,S,{},{},{}
NC_000962.3,NEJM2018,v1.0,GARC1,RUS,RIF,rpoB_M390T,S,{},{},{}
NC_000962.3,NEJM2018,v1.0,GARC1,RUS,RIF,rpoB_M434?,R,{},{},{}
NC_000962.3,NEJM2018,v1.0,GARC1,RUS,RIF,rpoB_M434I,R,{},{},{}
NC_000962.3,NEJM2018,v1.0,GARC1,RUS,RIF,rpoB_N24D,S,{},{},{}
NC_000962.3,NEJM2018,v1.0,GARC1,RUS,RIF,rpoB_N437?,R,{},{},{}
NC_000962.3,NEJM2018,v1.0,GARC1,RUS,RIF,rpoB_N438?,R,{},{},{}
NC_000962.3,NEJM2018,v1.0,GARC1,RUS,RIF,rpoB_P30S,S,{},{},{}
NC_000962.3,NEJM2018,v1.0,GARC1,RUS,RIF,rpoB_P358L,S,{},{},{}
NC_000962.3,NEJM2018,v1.0,GARC1,RUS,RIF,rpoB_P439?,R,{},{},{}
NC_000962.3,NEJM2018,v1.0,GARC1,RUS,RIF,rpoB_P454L,S,{},{},{}
NC_000962.3,NEJM2018,v1.0,GARC1,RUS,RIF,rpoB_P682T,S,{},{},{}
NC_000962.3,NEJM2018,v1.0,GARC1,RUS,RIF,rpoB_P834L,S,{},{},{}
NC_000962.3,NEJM2018,v1.0,GARC1,RUS,RIF,rpoB_P89L,S,{},{},{}
NC_000962.3,NEJM2018,v1.0,GARC1,RUS,RIF,rpoB_Q429?,R,{},{},{}
NC_000962.3,NEJM2018,v1.0,GARC1,RUS,RIF,rpoB_Q432?,R,{},{},{}
NC_000962.3,NEJM2018,v1.0,GARC1,RUS,RIF,rpoB_Q432K,R,{},{},{}
NC_000962.3,NEJM2018,v1.0,GARC1,RUS,RIF,rpoB_Q432L,R,{},{},{}
NC_000962.3,NEJM2018,v1.0,GARC1,RUS,RIF,rpoB_Q432P,R,{},{},{}
NC_000962.3,NEJM2018,v1.0,GARC1,RUS,RIF,rpoB_Q436?,R,{},{},{}
NC_000962.3,NEJM2018,v1.0,GARC1,RUS,RIF,rpoB_R447?,R,{},{},{}
NC_000962.3,NEJM2018,v1.0,GARC1,RUS,RIF,rpoB_R448?,R,{},{},{}
NC_000962.3,NEJM2018,v1.0,GARC1,RUS,RIF,rpoB_R511L,S,{},{},{}
NC_000962.3,NEJM2018,v1.0,GARC1,RUS,RIF,rpoB_R661Q,S,{},{},{}
NC_000962.3,NEJM2018,v1.0,GARC1,RUS,RIF,rpoB_S1124A,S,{},{},{}
NC_000962.3,NEJM2018,v1.0,GARC1,RUS,RIF,rpoB_S195R,S,{},{},{}
NC_000962.3,NEJM2018,v1.0,GARC1,RUS,RIF,rpoB_S21F,S,{},{},{}
NC_000962.3,NEJM2018,v1.0,GARC1,RUS,RIF,rpoB_S388L,S,{},{},{}
NC_000962.3,NEJM2018,v1.0,GARC1,RUS,RIF,rpoB_S428?,R,{},{},{}
NC_000962.3,NEJM2018,v1.0,GARC1,RUS,RIF,rpoB_S431?,R,{},{},{}
NC_000962.3,NEJM2018,v1.0,GARC1,RUS,RIF,rpoB_S431T,R,{},{},{}
NC_000962.3,NEJM2018,v1.0,GARC1,RUS,RIF,rpoB_S441?,R,{},{},{}
NC_000962.3,NEJM2018,v1.0,GARC1,RUS,RIF,rpoB_S441L,R,{},{},{}
NC_000962.3,NEJM2018,v1.0,GARC1,RUS,RIF,rpoB_S441Q,R,{},{},{}
NC_000962.3,NEJM2018,v1.0,GARC1,RUS,RIF,rpoB_S450?,R,{},{},{}
NC_000962.3,NEJM2018,v1.0,GARC1,RUS,RIF,rpoB_S450F,R,{},{},{}
NC_000962.3,NEJM2018,v1.0,GARC1,RUS,RIF,rpoB_S450L,R,{},{},{}
NC_000962.3,NEJM2018,v1.0,GARC1,RUS,RIF,rpoB_S450Q,R,{},{},{}
NC_000962.3,NEJM2018,v1.0,GARC1,RUS,RIF,rpoB_S450W,R,{},{},{}
NC_000962.3,NEJM2018,v1.0,GARC1,RUS,RIF,rpoB_S450Y,R,{},{},{}
NC_000962.3,NEJM2018,v1.0,GARC1,RUS,RIF,rpoB_T350I,S,{},{},{}
NC_000962.3,NEJM2018,v1.0,GARC1,RUS,RIF,rpoB_T427?,R,{},{},{}
NC_000962.3,NEJM2018,v1.0,GARC1,RUS,RIF,rpoB_T444?,R,{},{},{}
NC_000962.3,NEJM2018,v1.0,GARC1,RUS,RIF,rpoB_T526S,S,{},{},{}
NC_000962.3,NEJM2018,v1.0,GARC1,RUS,RIF,rpoB_T676P,R,{},{},{}
NC_000962.3,NEJM2018,v1.0,GARC1,RUS,RIF,rpoB_V109I,S,{},{},{}
NC_000962.3,NEJM2018,v1.0,GARC1,RUS,RIF,rpoB_V1117L,S,{},{},{}
NC_000962.3,NEJM2018,v1.0,GARC1,RUS,RIF,rpoB_V1129A,S,{},{},{}
NC_000962.3,NEJM2018,v1.0,GARC1,RUS,RIF,rpoB_V113I,S,{},{},{}
NC_000962.3,NEJM2018,v1.0,GARC1,RUS,RIF,rpoB_V170F,R,{},{},{}
NC_000962.3,NEJM2018,v1.0,GARC1,RUS,RIF,rpoB_V179A,S,{},{},{}
NC_000962.3,NEJM2018,v1.0,GARC1,RUS,RIF,rpoB_V359A,R,{},{},{}
NC_000962.3,NEJM2018,v1.0,GARC1,RUS,RIF,rpoB_V695L,S,{},{},{}
NC_000962.3,NEJM2018,v1.0,GARC1,RUS,RIF,rpoB_V77M,S,{},{},{}
NC_000962.3,NEJM2018,v1.0,GARC1,RUS,RIF,rpoB_a-53g,S,{},{},{}
NC_000962.3,NEJM2018,v1.0,GARC1,RUS,RIF,rpoB_c-61t,S,{},{},{}
NC_000962.3,NEJM2018,v1.0,GARC1,RUS,RIF,rpoB_c-62t,S,{},{},{}
NC_000962.3,NEJM2018,v1.0,GARC1,RUS,RIF,rpoB_c-73t,S,{},{},{}
NC_000962.3,NEJM2018,v1.0,GARC1,RUS,RIF,rpoB_g-96a,S,{},{},{}
NC_000962.3,NEJM2018,v1.0,GARC1,RUS,RIF,rpoB_t-6c,S,{},{},{}
NC_000962.3,NEJM2018,v1.0,GARC1,RUS,EMB,iniA_*=,S,{},{},{}
NC_000962.3,NEJM2018,v1.0,GARC1,RUS,EMB,iniA_*?,U,{},{},{}
NC_000962.3,NEJM2018,v1.0,GARC1,RUS,EMB,iniA_-*?,U,{},{},{}
NC_000962.3,NEJM2018,v1.0,GARC1,RUS,EMB,iniA_*_indel,U,{},{},{}
NC_000962.3,NEJM2018,v1.0,GARC1,RUS,EMB,iniA_-*_indel,U,{},{},{}
NC_000962.3,NEJM2018,v1.0,GARC1,RUS,INH,ahpC_*=,S,{},{},{}
NC_000962.3,NEJM2018,v1.0,GARC1,RUS,INH,ahpC_*?,U,{},{},{}
NC_000962.3,NEJM2018,v1.0,GARC1,RUS,INH,ahpC_-*?,U,{},{},{}
NC_000962.3,NEJM2018,v1.0,GARC1,RUS,INH,ahpC_*_indel,U,{},{},{}
NC_000962.3,NEJM2018,v1.0,GARC1,RUS,INH,ahpC_-*_indel,U,{},{},{}
NC_000962.3,NEJM2018,v1.0,GARC1,RUS,RIF,rpoB_*=,S,{},{},{}
NC_000962.3,NEJM2018,v1.0,GARC1,RUS,RIF,rpoB_*?,U,{},{},{}
NC_000962.3,NEJM2018,v1.0,GARC1,RUS,RIF,rpoB_-*?,U,{},{},{}
NC_000962.3,NEJM2018,v1.0,GARC1,RUS,RIF,rpoB_*_indel,U,{},{},{}
NC_000962.3,NEJM2018,v1.0,GARC1,RUS,RIF,rpoB_-*_indel,U,{},{},{}
NC_000962.3,NEJM2018,v1.0,GARC1,RUS,EMB,embC_*=,S,{},{},{}
NC_000962.3,NEJM2018,v1.0,GARC1,RUS,EMB,embC_*?,U,{},{},{}
NC_000962.3,NEJM2018,v1.0,GARC1,RUS,EMB,embC_-*?,U,{},{},{}
NC_000962.3,NEJM2018,v1.0,GARC1,RUS,EMB,embC_*_indel,U,{},{},{}
NC_000962.3,NEJM2018,v1.0,GARC1,RUS,EMB,embC_-*_indel,U,{},{},{}
NC_000962.3,NEJM2018,v1.0,GARC1,RUS,EMB,embR_*=,S,{},{},{}
NC_000962.3,NEJM2018,v1.0,GARC1,RUS,EMB,embR_*?,U,{},{},{}
NC_000962.3,NEJM2018,v1.0,GARC1,RUS,EMB,embR_-*?,U,{},{},{}
NC_000962.3,NEJM2018,v1.0,GARC1,RUS,EMB,embR_*_indel,U,{},{},{}
NC_000962.3,NEJM2018,v1.0,GARC1,RUS,EMB,embR_-*_indel,U,{},{},{}
NC_000962.3,NEJM2018,v1.0,GARC1,RUS,EMB,embB_*=,S,{},{},{}
NC_000962.3,NEJM2018,v1.0,GARC1,RUS,EMB,embB_*?,U,{},{},{}
NC_000962.3,NEJM2018,v1.0,GARC1,RUS,EMB,embB_-*?,U,{},{},{}
NC_000962.3,NEJM2018,v1.0,GARC1,RUS,EMB,embB_*_indel,U,{},{},{}
NC_000962.3,NEJM2018,v1.0,GARC1,RUS,EMB,embB_-*_indel,U,{},{},{}
NC_000962.3,NEJM2018,v1.0,GARC1,RUS,INH,ndh_*=,S,{},{},{}
NC_000962.3,NEJM2018,v1.0,GARC1,RUS,INH,ndh_*?,U,{},{},{}
NC_000962.3,NEJM2018,v1.0,GARC1,RUS,INH,ndh_-*?,U,{},{},{}
NC_000962.3,NEJM2018,v1.0,GARC1,RUS,INH,ndh_*_indel,U,{},{},{}
NC_000962.3,NEJM2018,v1.0,GARC1,RUS,INH,ndh_-*_indel,U,{},{},{}
NC_000962.3,NEJM2018,v1.0,GARC1,RUS,PZA,rpsA_*=,S,{},{},{}
NC_000962.3,NEJM2018,v1.0,GARC1,RUS,PZA,rpsA_*?,U,{},{},{}
NC_000962.3,NEJM2018,v1.0,GARC1,RUS,PZA,rpsA_-*?,U,{},{},{}
NC_000962.3,NEJM2018,v1.0,GARC1,RUS,PZA,rpsA_*_indel,U,{},{},{}
NC_000962.3,NEJM2018,v1.0,GARC1,RUS,PZA,rpsA_-*_indel,U,{},{},{}
NC_000962.3,NEJM2018,v1.0,GARC1,RUS,EMB,embA_*=,S,{},{},{}
NC_000962.3,NEJM2018,v1.0,GARC1,RUS,EMB,embA_*?,U,{},{},{}
NC_000962.3,NEJM2018,v1.0,GARC1,RUS,EMB,embA_-*?,U,{},{},{}
NC_000962.3,NEJM2018,v1.0,GARC1,RUS,EMB,embA_*_indel,U,{},{},{}
NC_000962.3,NEJM2018,v1.0,GARC1,RUS,EMB,embA_-*_indel,U,{},{},{}
NC_000962.3,NEJM2018,v1.0,GARC1,RUS,PZA,pncA_*=,S,{},{},{}
NC_000962.3,NEJM2018,v1.0,GARC1,RUS,PZA,pncA_*?,U,{},{},{}
NC_000962.3,NEJM2018,v1.0,GARC1,RUS,PZA,pncA_-*?,U,{},{},{}
NC_000962.3,NEJM2018,v1.0,GARC1,RUS,PZA,pncA_*_indel,U,{},{},{}
NC_000962.3,NEJM2018,v1.0,GARC1,RUS,PZA,pncA_-*_indel,U,{},{},{}
NC_000962.3,NEJM2018,v1.0,GARC1,RUS,INH,inhA_*=,S,{},{},{}
NC_000962.3,NEJM2018,v1.0,GARC1,RUS,INH,inhA_*?,U,{},{},{}
NC_000962.3,NEJM2018,v1.0,GARC1,RUS,INH,inhA_-*?,U,{},{},{}
NC_000962.3,NEJM2018,v1.0,GARC1,RUS,INH,inhA_*_indel,U,{},{},{}
NC_000962.3,NEJM2018,v1.0,GARC1,RUS,INH,inhA_-*_indel,U,{},{},{}
NC_000962.3,NEJM2018,v1.0,GARC1,RUS,EMB,rmlD_*=,S,{},{},{}
NC_000962.3,NEJM2018,v1.0,GARC1,RUS,EMB,rmlD_*?,U,{},{},{}
NC_000962.3,NEJM2018,v1.0,GARC1,RUS,EMB,rmlD_-*?,U,{},{},{}
NC_000962.3,NEJM2018,v1.0,GARC1,RUS,EMB,rmlD_*_indel,U,{},{},{}
NC_000962.3,NEJM2018,v1.0,GARC1,RUS,EMB,rmlD_-*_indel,U,{},{},{}
NC_000962.3,NEJM2018,v1.0,GARC1,RUS,INH,fabG1_*=,S,{},{},{}
NC_000962.3,NEJM2018,v1.0,GARC1,RUS,INH,fabG1_*?,U,{},{},{}
NC_000962.3,NEJM2018,v1.0,GARC1,RUS,INH,fabG1_-*?,U,{},{},{}
NC_000962.3,NEJM2018,v1.0,GARC1,RUS,INH,fabG1_*_indel,U,{},{},{}
NC_000962.3,NEJM2018,v1.0,GARC1,RUS,INH,fabG1_-*_indel,U,{},{},{}
NC_000962.3,NEJM2018,v1.0,GARC1,RUS,INH,katG_*=,S,{},{},{}
NC_000962.3,NEJM2018,v1.0,GARC1,RUS,INH,katG_*?,U,{},{},{}
NC_000962.3,NEJM2018,v1.0,GARC1,RUS,INH,katG_-*?,U,{},{},{}
NC_000962.3,NEJM2018,v1.0,GARC1,RUS,INH,katG_*_indel,U,{},{},{}
NC_000962.3,NEJM2018,v1.0,GARC1,RUS,INH,katG_-*_indel,U,{},{},{}
NC_000962.3,NEJM2018,v1.0,GARC1,RUS,EMB,manB_*=,S,{},{},{}
NC_000962.3,NEJM2018,v1.0,GARC1,RUS,EMB,manB_*?,U,{},{},{}
NC_000962.3,NEJM2018,v1.0,GARC1,RUS,EMB,manB_-*?,U,{},{},{}
NC_000962.3,NEJM2018,v1.0,GARC1,RUS,EMB,manB_*_indel,U,{},{},{}
NC_000962.3,NEJM2018,v1.0,GARC1,RUS,EMB,manB_-*_indel,U,{},{},{}
NC_000962.3,NEJM2018,v1.0,GARC1,RUS,EMB,iniC_*=,S,{},{},{}
NC_000962.3,NEJM2018,v1.0,GARC1,RUS,EMB,iniC_*?,U,{},{},{}
NC_000962.3,NEJM2018,v1.0,GARC1,RUS,EMB,iniC_-*?,U,{},{},{}
NC_000962.3,NEJM2018,v1.0,GARC1,RUS,EMB,iniC_*_indel,U,{},{},{}
NC_000962.3,NEJM2018,v1.0,GARC1,RUS,EMB,iniC_-*_indel,U,{},{},{}
NC_000962.3,NEJM2018,v1.0,GARC1,RUS,PZA,panD_*?,U,{},{},{}
NC_000962.3,NEJM2018,v1.0,GARC1,RUS,PZA,panD_*=,S,{},{},{}
NC_000962.3,NEJM2018,v1.0,GARC1,RUS,PZA,panD_-*?,U,{},{},{}
NC_000962.3,NEJM2018,v1.0,GARC1,RUS,PZA,panD_*_indel,U,{},{},{}
NC_000962.3,NEJM2018,v1.0,GARC1,RUS,PZA,panD_-*_indel,U,{},{},{}
