DRUG,GENE,MUTATION,POSITION,GENE_TYPE,VARIANT_AFFECTS,VARIANT_TYPE,GENBANK_REFERENCE,NEJM2018_PREDICTION,NEJM2018_PHYLOSNP
EMB,embA,2723_indel,2723,GENE,CDS,INDEL,NC_000962.3,S,False
EMB,embA,A1015T,1015,GENE,CDS,SNP,NC_000962.3,S,False
EMB,embA,A1016S,1016,GENE,CDS,SNP,NC_000962.3,S,False
EMB,embA,A109T,109,GENE,CDS,SNP,NC_000962.3,S,False
EMB,embA,A201T,201,GENE,CDS,SNP,NC_000962.3,S,False
EMB,embA,A255V,255,GENE,CDS,SNP,NC_000962.3,S,False
EMB,embA,A312V,312,GENE,CDS,SNP,NC_000962.3,S,False
EMB,embA,A331P,331,GENE,CDS,SNP,NC_000962.3,S,False
EMB,embA,A428V,428,GENE,CDS,SNP,NC_000962.3,S,False
EMB,embA,A438V,438,GENE,CDS,SNP,NC_000962.3,S,False
EMB,embA,A460T,460,GENE,CDS,SNP,NC_000962.3,S,False
EMB,embA,A545P,545,GENE,CDS,SNP,NC_000962.3,S,False
EMB,embA,A576T,576,GENE,CDS,SNP,NC_000962.3,S,False
EMB,embA,A586T,586,GENE,CDS,SNP,NC_000962.3,S,False
EMB,embA,A734T,734,GENE,CDS,SNP,NC_000962.3,S,False
EMB,embA,A852S,852,GENE,CDS,SNP,NC_000962.3,S,False
EMB,embA,A852V,852,GENE,CDS,SNP,NC_000962.3,S,False
EMB,embA,C335W,335,GENE,CDS,SNP,NC_000962.3,S,False
EMB,embA,D1053G,1053,GENE,CDS,SNP,NC_000962.3,S,False
EMB,embA,D176A,176,GENE,CDS,SNP,NC_000962.3,S,False
EMB,embA,D678N,678,GENE,CDS,SNP,NC_000962.3,S,False
EMB,embA,D761G,761,GENE,CDS,SNP,NC_000962.3,S,False
EMB,embA,D784N,784,GENE,CDS,SNP,NC_000962.3,S,False
EMB,embA,D865N,865,GENE,CDS,SNP,NC_000962.3,S,False
EMB,embA,E7K,7,GENE,CDS,SNP,NC_000962.3,S,False
EMB,embA,E951D,951,GENE,CDS,SNP,NC_000962.3,S,False
EMB,embA,G1085S,1085,GENE,CDS,SNP,NC_000962.3,S,False
EMB,embA,G154S,154,GENE,CDS,SNP,NC_000962.3,S,False
EMB,embA,G157C,157,GENE,CDS,SNP,NC_000962.3,S,False
EMB,embA,G21R,21,GENE,CDS,SNP,NC_000962.3,S,False
EMB,embA,G352S,352,GENE,CDS,SNP,NC_000962.3,S,False
EMB,embA,G596S,596,GENE,CDS,SNP,NC_000962.3,S,False
EMB,embA,G884D,884,GENE,CDS,SNP,NC_000962.3,S,False
EMB,embA,H665R,665,GENE,CDS,SNP,NC_000962.3,S,False
EMB,embA,H665Y,665,GENE,CDS,SNP,NC_000962.3,S,False
EMB,embA,H673R,673,GENE,CDS,SNP,NC_000962.3,S,False
EMB,embA,I191V,191,GENE,CDS,SNP,NC_000962.3,S,False
EMB,embA,I595V,595,GENE,CDS,SNP,NC_000962.3,S,False
EMB,embA,K166N,166,GENE,CDS,SNP,NC_000962.3,S,False
EMB,embA,K773N,773,GENE,CDS,SNP,NC_000962.3,S,False
EMB,embA,L1008P,1008,GENE,CDS,SNP,NC_000962.3,S,False
EMB,embA,L215M,215,GENE,CDS,SNP,NC_000962.3,S,False
EMB,embA,L215P,215,GENE,CDS,SNP,NC_000962.3,S,False
EMB,embA,L233M,233,GENE,CDS,SNP,NC_000962.3,S,False
EMB,embA,L263F,263,GENE,CDS,SNP,NC_000962.3,S,False
EMB,embA,L263P,263,GENE,CDS,SNP,NC_000962.3,S,False
EMB,embA,L314P,314,GENE,CDS,SNP,NC_000962.3,S,False
EMB,embA,L373P,373,GENE,CDS,SNP,NC_000962.3,S,False
EMB,embA,L659F,659,GENE,CDS,SNP,NC_000962.3,S,False
EMB,embA,M153T,153,GENE,CDS,SNP,NC_000962.3,S,True
EMB,embA,M697V,697,GENE,CDS,SNP,NC_000962.3,S,False
EMB,embA,N54S,54,GENE,CDS,SNP,NC_000962.3,S,False
EMB,embA,P1094S,1094,GENE,CDS,SNP,NC_000962.3,S,False
EMB,embA,P327H,327,GENE,CDS,SNP,NC_000962.3,S,False
EMB,embA,P327L,327,GENE,CDS,SNP,NC_000962.3,S,False
EMB,embA,P35Q,35,GENE,CDS,SNP,NC_000962.3,S,False
EMB,embA,P689L,689,GENE,CDS,SNP,NC_000962.3,S,False
EMB,embA,P75L,75,GENE,CDS,SNP,NC_000962.3,S,False
EMB,embA,P860L,860,GENE,CDS,SNP,NC_000962.3,S,False
EMB,embA,P901L,901,GENE,CDS,SNP,NC_000962.3,S,False
EMB,embA,P913S,913,GENE,CDS,SNP,NC_000962.3,S,True
EMB,embA,Q1004P,1004,GENE,CDS,SNP,NC_000962.3,S,False
EMB,embA,Q57E,57,GENE,CDS,SNP,NC_000962.3,S,False
EMB,embA,R683L,683,GENE,CDS,SNP,NC_000962.3,S,False
EMB,embA,S1017A,1017,GENE,CDS,SNP,NC_000962.3,S,False
EMB,embA,S20A,20,GENE,CDS,SNP,NC_000962.3,S,False
EMB,embA,S20P,20,GENE,CDS,SNP,NC_000962.3,S,False
EMB,embA,S49R,49,GENE,CDS,SNP,NC_000962.3,S,True
EMB,embA,S49T,49,GENE,CDS,SNP,NC_000962.3,S,False
EMB,embA,S77P,77,GENE,CDS,SNP,NC_000962.3,S,False
EMB,embA,T113R,113,GENE,CDS,SNP,NC_000962.3,S,False
EMB,embA,T161I,161,GENE,CDS,SNP,NC_000962.3,S,False
EMB,embA,T238N,238,GENE,CDS,SNP,NC_000962.3,S,False
EMB,embA,T238S,238,GENE,CDS,SNP,NC_000962.3,S,False
EMB,embA,T308A,308,GENE,CDS,SNP,NC_000962.3,S,False
EMB,embA,T363I,363,GENE,CDS,SNP,NC_000962.3,S,False
EMB,embA,T478A,478,GENE,CDS,SNP,NC_000962.3,S,False
EMB,embA,T56P,56,GENE,CDS,SNP,NC_000962.3,S,False
EMB,embA,T591A,591,GENE,CDS,SNP,NC_000962.3,S,False
EMB,embA,T591P,591,GENE,CDS,SNP,NC_000962.3,S,False
EMB,embA,T608N,608,GENE,CDS,SNP,NC_000962.3,S,True
EMB,embA,T728I,728,GENE,CDS,SNP,NC_000962.3,S,False
EMB,embA,T983A,983,GENE,CDS,SNP,NC_000962.3,S,False
EMB,embA,V1078M,1078,GENE,CDS,SNP,NC_000962.3,S,False
EMB,embA,V206M,206,GENE,CDS,SNP,NC_000962.3,S,True
EMB,embA,V31A,31,GENE,CDS,SNP,NC_000962.3,S,False
EMB,embA,V391I,391,GENE,CDS,SNP,NC_000962.3,S,False
EMB,embA,V414M,414,GENE,CDS,SNP,NC_000962.3,S,False
EMB,embA,V698A,698,GENE,CDS,SNP,NC_000962.3,S,False
EMB,embA,V698I,698,GENE,CDS,SNP,NC_000962.3,S,False
EMB,embA,V911I,911,GENE,CDS,SNP,NC_000962.3,S,False
EMB,embA,W1050G,1050,GENE,CDS,SNP,NC_000962.3,S,False
EMB,embA,W306R,306,GENE,CDS,SNP,NC_000962.3,S,False
EMB,embA,Y296H,296,GENE,CDS,SNP,NC_000962.3,S,False
EMB,embA,Y307H,307,GENE,CDS,SNP,NC_000962.3,S,False
EMB,embA,c-12t,-12,GENE,PROM,SNP,NC_000962.3,R,False
EMB,embA,c-15g,-15,GENE,PROM,SNP,NC_000962.3,S,False
EMB,embA,c-16g,-16,GENE,PROM,SNP,NC_000962.3,R,False
EMB,embA,c-16t,-16,GENE,PROM,SNP,NC_000962.3,R,False
EMB,embA,c-59a,-59,GENE,PROM,SNP,NC_000962.3,S,False
EMB,embA,c-73t,-73,GENE,PROM,SNP,NC_000962.3,S,False
EMB,embA,g-17a,-17,GENE,PROM,SNP,NC_000962.3,S,False
EMB,embA,g-43c,-43,GENE,PROM,SNP,NC_000962.3,S,False
EMB,embB,2943_indel,2943,GENE,CDS,INDEL,NC_000962.3,S,False
EMB,embB,A221T,221,GENE,CDS,SNP,NC_000962.3,S,False
EMB,embB,A259V,259,GENE,CDS,SNP,NC_000962.3,S,False
EMB,embB,A386E,386,GENE,CDS,SNP,NC_000962.3,S,False
EMB,embB,A388V,388,GENE,CDS,SNP,NC_000962.3,S,False
EMB,embB,A438T,438,GENE,CDS,SNP,NC_000962.3,S,False
EMB,embB,A454T,454,GENE,CDS,SNP,NC_000962.3,S,False
EMB,embB,A510T,510,GENE,CDS,SNP,NC_000962.3,S,False
EMB,embB,A547S,547,GENE,CDS,SNP,NC_000962.3,S,False
EMB,embB,A680T,680,GENE,CDS,SNP,NC_000962.3,S,False
EMB,embB,A683V,683,GENE,CDS,SNP,NC_000962.3,S,False
EMB,embB,A693T,693,GENE,CDS,SNP,NC_000962.3,S,False
EMB,embB,A701T,701,GENE,CDS,SNP,NC_000962.3,S,False
EMB,embB,A840P,840,GENE,CDS,SNP,NC_000962.3,S,False
EMB,embB,A861T,861,GENE,CDS,SNP,NC_000962.3,S,False
EMB,embB,A913V,913,GENE,CDS,SNP,NC_000962.3,S,False
EMB,embB,A950V,950,GENE,CDS,SNP,NC_000962.3,S,False
EMB,embB,C361S,361,GENE,CDS,SNP,NC_000962.3,S,False
EMB,embB,D1024N,1024,GENE,CDS,SNP,NC_000962.3,S,False
EMB,embB,D1056E,1056,GENE,CDS,SNP,NC_000962.3,S,False
EMB,embB,D311A,311,GENE,CDS,SNP,NC_000962.3,S,False
EMB,embB,D328H,328,GENE,CDS,SNP,NC_000962.3,S,False
EMB,embB,D328Y,328,GENE,CDS,SNP,NC_000962.3,R,False
EMB,embB,D354A,354,GENE,CDS,SNP,NC_000962.3,R,False
EMB,embB,D354G,354,GENE,CDS,SNP,NC_000962.3,S,False
EMB,embB,D78E,78,GENE,CDS,SNP,NC_000962.3,S,False
EMB,embB,D78G,78,GENE,CDS,SNP,NC_000962.3,S,False
EMB,embB,D869H,869,GENE,CDS,SNP,NC_000962.3,S,False
EMB,embB,D86N,86,GENE,CDS,SNP,NC_000962.3,S,False
EMB,embB,D870N,870,GENE,CDS,SNP,NC_000962.3,S,False
EMB,embB,E378A,378,GENE,CDS,SNP,NC_000962.3,S,True
EMB,embB,E504D,504,GENE,CDS,SNP,NC_000962.3,S,False
EMB,embB,E951Q,951,GENE,CDS,SNP,NC_000962.3,S,False
EMB,embB,F1012L,1012,GENE,CDS,SNP,NC_000962.3,S,False
EMB,embB,F161L,161,GENE,CDS,SNP,NC_000962.3,S,False
EMB,embB,F285L,285,GENE,CDS,SNP,NC_000962.3,S,False
EMB,embB,F628S,628,GENE,CDS,SNP,NC_000962.3,S,False
EMB,embB,F676S,676,GENE,CDS,SNP,NC_000962.3,S,False
EMB,embB,G100S,100,GENE,CDS,SNP,NC_000962.3,S,False
EMB,embB,G1097S,1097,GENE,CDS,SNP,NC_000962.3,S,False
EMB,embB,G246R,246,GENE,CDS,SNP,NC_000962.3,S,False
EMB,embB,G263R,263,GENE,CDS,SNP,NC_000962.3,S,False
EMB,embB,G305C,305,GENE,CDS,SNP,NC_000962.3,S,False
EMB,embB,G37S,37,GENE,CDS,SNP,NC_000962.3,S,False
EMB,embB,G406A,406,GENE,CDS,SNP,NC_000962.3,R,False
EMB,embB,G406D,406,GENE,CDS,SNP,NC_000962.3,R,False
EMB,embB,G406S,406,GENE,CDS,SNP,NC_000962.3,R,False
EMB,embB,G603R,603,GENE,CDS,SNP,NC_000962.3,S,False
EMB,embB,G62R,62,GENE,CDS,SNP,NC_000962.3,S,False
EMB,embB,G665R,665,GENE,CDS,SNP,NC_000962.3,S,False
EMB,embB,G694S,694,GENE,CDS,SNP,NC_000962.3,S,False
EMB,embB,G748E,748,GENE,CDS,SNP,NC_000962.3,S,False
EMB,embB,G836R,836,GENE,CDS,SNP,NC_000962.3,S,False
EMB,embB,H1002R,1002,GENE,CDS,SNP,NC_000962.3,S,False
EMB,embB,H342N,342,GENE,CDS,SNP,NC_000962.3,S,False
EMB,embB,I1006M,1006,GENE,CDS,SNP,NC_000962.3,S,False
EMB,embB,I16L,16,GENE,CDS,SNP,NC_000962.3,S,False
EMB,embB,K107R,107,GENE,CDS,SNP,NC_000962.3,S,False
EMB,embB,K561R,561,GENE,CDS,SNP,NC_000962.3,S,True
EMB,embB,K820T,820,GENE,CDS,SNP,NC_000962.3,S,False
EMB,embB,K882T,882,GENE,CDS,SNP,NC_000962.3,S,False
EMB,embB,L1037I,1037,GENE,CDS,SNP,NC_000962.3,S,False
EMB,embB,L253I,253,GENE,CDS,SNP,NC_000962.3,S,False
EMB,embB,L348P,348,GENE,CDS,SNP,NC_000962.3,S,False
EMB,embB,L370R,370,GENE,CDS,SNP,NC_000962.3,S,False
EMB,embB,L638F,638,GENE,CDS,SNP,NC_000962.3,S,False
EMB,embB,L686P,686,GENE,CDS,SNP,NC_000962.3,S,False
EMB,embB,L971M,971,GENE,CDS,SNP,NC_000962.3,S,False
EMB,embB,M1049I,1049,GENE,CDS,SNP,NC_000962.3,S,False
EMB,embB,M306?,306,GENE,CDS,SNP,NC_000962.3,R,False
EMB,embB,M306I,306,GENE,CDS,SNP,NC_000962.3,R,False
EMB,embB,M306L,306,GENE,CDS,SNP,NC_000962.3,S,False
EMB,embB,M306V,306,GENE,CDS,SNP,NC_000962.3,R,False
EMB,embB,M340I,340,GENE,CDS,SNP,NC_000962.3,S,False
EMB,embB,M350T,350,GENE,CDS,SNP,NC_000962.3,S,False
EMB,embB,M462L,462,GENE,CDS,SNP,NC_000962.3,S,False
EMB,embB,M462T,462,GENE,CDS,SNP,NC_000962.3,S,False
EMB,embB,M557I,557,GENE,CDS,SNP,NC_000962.3,S,False
EMB,embB,M91I,91,GENE,CDS,SNP,NC_000962.3,S,False
EMB,embB,N1004T,1004,GENE,CDS,SNP,NC_000962.3,S,False
EMB,embB,N1033K,1033,GENE,CDS,SNP,NC_000962.3,R,False
EMB,embB,N13S,13,GENE,CDS,SNP,NC_000962.3,S,False
EMB,embB,N400S,400,GENE,CDS,SNP,NC_000962.3,S,False
EMB,embB,N657D,657,GENE,CDS,SNP,NC_000962.3,S,False
EMB,embB,P103T,103,GENE,CDS,SNP,NC_000962.3,S,False
EMB,embB,P375S,375,GENE,CDS,SNP,NC_000962.3,S,False
EMB,embB,P430L,430,GENE,CDS,SNP,NC_000962.3,S,False
EMB,embB,P655Q,655,GENE,CDS,SNP,NC_000962.3,S,False
EMB,embB,P731L,731,GENE,CDS,SNP,NC_000962.3,S,False
EMB,embB,P776L,776,GENE,CDS,SNP,NC_000962.3,S,False
EMB,embB,P93L,93,GENE,CDS,SNP,NC_000962.3,S,False
EMB,embB,Q139H,139,GENE,CDS,SNP,NC_000962.3,S,True
EMB,embB,Q445R,445,GENE,CDS,SNP,NC_000962.3,S,False
EMB,embB,Q497K,497,GENE,CDS,SNP,NC_000962.3,R,False
EMB,embB,Q497P,497,GENE,CDS,SNP,NC_000962.3,S,False
EMB,embB,Q497R,497,GENE,CDS,SNP,NC_000962.3,R,False
EMB,embB,Q51P,51,GENE,CDS,SNP,NC_000962.3,S,False
EMB,embB,Q853P,853,GENE,CDS,SNP,NC_000962.3,S,False
EMB,embB,R1059P,1059,GENE,CDS,SNP,NC_000962.3,S,False
EMB,embB,R147C,147,GENE,CDS,SNP,NC_000962.3,S,False
EMB,embB,R14Q,14,GENE,CDS,SNP,NC_000962.3,S,False
EMB,embB,R182C,182,GENE,CDS,SNP,NC_000962.3,S,False
EMB,embB,R620C,620,GENE,CDS,SNP,NC_000962.3,S,False
EMB,embB,R7T,7,GENE,CDS,SNP,NC_000962.3,S,False
EMB,embB,R930H,930,GENE,CDS,SNP,NC_000962.3,S,False
EMB,embB,S1054P,1054,GENE,CDS,SNP,NC_000962.3,S,False
EMB,embB,S119N,119,GENE,CDS,SNP,NC_000962.3,S,False
EMB,embB,S203L,203,GENE,CDS,SNP,NC_000962.3,S,False
EMB,embB,S317F,317,GENE,CDS,SNP,NC_000962.3,S,False
EMB,embB,S344R,344,GENE,CDS,SNP,NC_000962.3,S,False
EMB,embB,S422P,422,GENE,CDS,SNP,NC_000962.3,S,False
EMB,embB,S565G,565,GENE,CDS,SNP,NC_000962.3,S,True
EMB,embB,S658N,658,GENE,CDS,SNP,NC_000962.3,S,False
EMB,embB,S658R,658,GENE,CDS,SNP,NC_000962.3,S,False
EMB,embB,S823R,823,GENE,CDS,SNP,NC_000962.3,S,False
EMB,embB,T1069P,1069,GENE,CDS,SNP,NC_000962.3,S,False
EMB,embB,T1082A,1082,GENE,CDS,SNP,NC_000962.3,S,False
EMB,embB,T208I,208,GENE,CDS,SNP,NC_000962.3,S,False
EMB,embB,T341A,341,GENE,CDS,SNP,NC_000962.3,S,False
EMB,embB,T341I,341,GENE,CDS,SNP,NC_000962.3,S,False
EMB,embB,T341N,341,GENE,CDS,SNP,NC_000962.3,S,False
EMB,embB,T498N,498,GENE,CDS,SNP,NC_000962.3,S,False
EMB,embB,T546A,546,GENE,CDS,SNP,NC_000962.3,S,False
EMB,embB,T797M,797,GENE,CDS,SNP,NC_000962.3,S,False
EMB,embB,V1048I,1048,GENE,CDS,SNP,NC_000962.3,S,False
EMB,embB,V1071F,1071,GENE,CDS,SNP,NC_000962.3,S,False
EMB,embB,V131M,131,GENE,CDS,SNP,NC_000962.3,S,False
EMB,embB,V135M,135,GENE,CDS,SNP,NC_000962.3,S,False
EMB,embB,V188A,188,GENE,CDS,SNP,NC_000962.3,S,False
EMB,embB,V230A,230,GENE,CDS,SNP,NC_000962.3,S,False
EMB,embB,V231I,231,GENE,CDS,SNP,NC_000962.3,S,False
EMB,embB,V283M,283,GENE,CDS,SNP,NC_000962.3,S,False
EMB,embB,V566M,566,GENE,CDS,SNP,NC_000962.3,S,False
EMB,embB,V602A,602,GENE,CDS,SNP,NC_000962.3,S,False
EMB,embB,V602I,602,GENE,CDS,SNP,NC_000962.3,S,False
EMB,embB,V668I,668,GENE,CDS,SNP,NC_000962.3,S,False
EMB,embB,V67L,67,GENE,CDS,SNP,NC_000962.3,S,False
EMB,embB,W273L,273,GENE,CDS,SNP,NC_000962.3,S,False
EMB,embB,W332R,332,GENE,CDS,SNP,NC_000962.3,S,False
EMB,embB,c-2t,-2,GENE,PROM,SNP,NC_000962.3,S,False
EMB,embB,g-29a,-29,GENE,PROM,SNP,NC_000962.3,S,False
EMB,embB,g-50a,-50,GENE,PROM,SNP,NC_000962.3,S,False
EMB,embB,g-6a,-6,GENE,PROM,SNP,NC_000962.3,S,False
EMB,embB,g-90a,-90,GENE,PROM,SNP,NC_000962.3,S,False
EMB,embC,A1046S,1046,GENE,CDS,SNP,NC_000962.3,S,False
EMB,embC,A1073T,1073,GENE,CDS,SNP,NC_000962.3,S,False
EMB,embC,A116T,116,GENE,CDS,SNP,NC_000962.3,S,False
EMB,embC,A232V,232,GENE,CDS,SNP,NC_000962.3,S,False
EMB,embC,A307T,307,GENE,CDS,SNP,NC_000962.3,S,False
EMB,embC,A33T,33,GENE,CDS,SNP,NC_000962.3,S,False
EMB,embC,A46V,46,GENE,CDS,SNP,NC_000962.3,S,False
EMB,embC,A597T,597,GENE,CDS,SNP,NC_000962.3,S,False
EMB,embC,A611T,611,GENE,CDS,SNP,NC_000962.3,S,False
EMB,embC,A711T,711,GENE,CDS,SNP,NC_000962.3,S,False
EMB,embC,A774S,774,GENE,CDS,SNP,NC_000962.3,S,False
EMB,embC,A887T,887,GENE,CDS,SNP,NC_000962.3,S,False
EMB,embC,A925T,925,GENE,CDS,SNP,NC_000962.3,S,False
EMB,embC,A940S,940,GENE,CDS,SNP,NC_000962.3,S,False
EMB,embC,C355F,355,GENE,CDS,SNP,NC_000962.3,S,False
EMB,embC,C411R,411,GENE,CDS,SNP,NC_000962.3,S,False
EMB,embC,D252H,252,GENE,CDS,SNP,NC_000962.3,S,False
EMB,embC,D329N,329,GENE,CDS,SNP,NC_000962.3,S,False
EMB,embC,D490G,490,GENE,CDS,SNP,NC_000962.3,S,False
EMB,embC,D775N,775,GENE,CDS,SNP,NC_000962.3,S,False
EMB,embC,D948N,948,GENE,CDS,SNP,NC_000962.3,S,False
EMB,embC,F286L,286,GENE,CDS,SNP,NC_000962.3,S,False
EMB,embC,F67V,67,GENE,CDS,SNP,NC_000962.3,S,False
EMB,embC,F982I,982,GENE,CDS,SNP,NC_000962.3,S,False
EMB,embC,G101A,101,GENE,CDS,SNP,NC_000962.3,S,False
EMB,embC,G237A,237,GENE,CDS,SNP,NC_000962.3,S,False
EMB,embC,G383D,383,GENE,CDS,SNP,NC_000962.3,S,False
EMB,embC,G764V,764,GENE,CDS,SNP,NC_000962.3,S,False
EMB,embC,G817D,817,GENE,CDS,SNP,NC_000962.3,S,False
EMB,embC,G831R,831,GENE,CDS,SNP,NC_000962.3,S,False
EMB,embC,G857S,857,GENE,CDS,SNP,NC_000962.3,S,False
EMB,embC,G909E,909,GENE,CDS,SNP,NC_000962.3,S,False
EMB,embC,H369R,369,GENE,CDS,SNP,NC_000962.3,S,False
EMB,embC,H910N,910,GENE,CDS,SNP,NC_000962.3,S,False
EMB,embC,I28V,28,GENE,CDS,SNP,NC_000962.3,S,False
EMB,embC,I459V,459,GENE,CDS,SNP,NC_000962.3,S,False
EMB,embC,I497M,497,GENE,CDS,SNP,NC_000962.3,S,False
EMB,embC,I573T,573,GENE,CDS,SNP,NC_000962.3,S,False
EMB,embC,I936V,936,GENE,CDS,SNP,NC_000962.3,S,False
EMB,embC,K511N,511,GENE,CDS,SNP,NC_000962.3,S,False
EMB,embC,K656N,656,GENE,CDS,SNP,NC_000962.3,S,False
EMB,embC,L236P,236,GENE,CDS,SNP,NC_000962.3,S,False
EMB,embC,L240P,240,GENE,CDS,SNP,NC_000962.3,S,False
EMB,embC,L434F,434,GENE,CDS,SNP,NC_000962.3,S,False
EMB,embC,L460R,460,GENE,CDS,SNP,NC_000962.3,S,False
EMB,embC,M1040T,1040,GENE,CDS,SNP,NC_000962.3,S,False
EMB,embC,M234L,234,GENE,CDS,SNP,NC_000962.3,S,False
EMB,embC,M727V,727,GENE,CDS,SNP,NC_000962.3,S,False
EMB,embC,N127S,127,GENE,CDS,SNP,NC_000962.3,S,False
EMB,embC,N176K,176,GENE,CDS,SNP,NC_000962.3,S,False
EMB,embC,N394D,394,GENE,CDS,SNP,NC_000962.3,S,True
EMB,embC,P1065L,1065,GENE,CDS,SNP,NC_000962.3,S,False
EMB,embC,P210S,210,GENE,CDS,SNP,NC_000962.3,S,False
EMB,embC,P486T,486,GENE,CDS,SNP,NC_000962.3,S,False
EMB,embC,P558R,558,GENE,CDS,SNP,NC_000962.3,S,False
EMB,embC,P732A,732,GENE,CDS,SNP,NC_000962.3,S,False
EMB,embC,P791T,791,GENE,CDS,SNP,NC_000962.3,S,False
EMB,embC,P861L,861,GENE,CDS,SNP,NC_000962.3,S,False
EMB,embC,Q1061H,1061,GENE,CDS,SNP,NC_000962.3,S,False
EMB,embC,Q491H,491,GENE,CDS,SNP,NC_000962.3,S,False
EMB,embC,Q54H,54,GENE,CDS,SNP,NC_000962.3,S,False
EMB,embC,Q730H,730,GENE,CDS,SNP,NC_000962.3,S,False
EMB,embC,Q742H,742,GENE,CDS,SNP,NC_000962.3,S,False
EMB,embC,R221C,221,GENE,CDS,SNP,NC_000962.3,S,False
EMB,embC,R567H,567,GENE,CDS,SNP,NC_000962.3,S,True
EMB,embC,R695W,695,GENE,CDS,SNP,NC_000962.3,S,False
EMB,embC,R738Q,738,GENE,CDS,SNP,NC_000962.3,S,True
EMB,embC,R738W,738,GENE,CDS,SNP,NC_000962.3,S,False
EMB,embC,R877W,877,GENE,CDS,SNP,NC_000962.3,S,False
EMB,embC,R927H,927,GENE,CDS,SNP,NC_000962.3,S,False
EMB,embC,R9H,9,GENE,CDS,SNP,NC_000962.3,S,False
EMB,embC,S18F,18,GENE,CDS,SNP,NC_000962.3,S,False
EMB,embC,S213N,213,GENE,CDS,SNP,NC_000962.3,S,False
EMB,embC,S225R,225,GENE,CDS,SNP,NC_000962.3,S,False
EMB,embC,T1044M,1044,GENE,CDS,SNP,NC_000962.3,S,False
EMB,embC,T1044P,1044,GENE,CDS,SNP,NC_000962.3,S,False
EMB,embC,T1079A,1079,GENE,CDS,SNP,NC_000962.3,S,False
EMB,embC,T270I,270,GENE,CDS,SNP,NC_000962.3,S,True
EMB,embC,T712A,712,GENE,CDS,SNP,NC_000962.3,S,False
EMB,embC,T786A,786,GENE,CDS,SNP,NC_000962.3,S,False
EMB,embC,T941A,941,GENE,CDS,SNP,NC_000962.3,S,False
EMB,embC,V104M,104,GENE,CDS,SNP,NC_000962.3,S,True
EMB,embC,V218A,218,GENE,CDS,SNP,NC_000962.3,S,False
EMB,embC,V303L,303,GENE,CDS,SNP,NC_000962.3,S,False
EMB,embC,V337I,337,GENE,CDS,SNP,NC_000962.3,S,False
EMB,embC,V363I,363,GENE,CDS,SNP,NC_000962.3,S,False
EMB,embC,V981L,981,GENE,CDS,SNP,NC_000962.3,S,True
EMB,embC,c-100t,-100,GENE,PROM,SNP,NC_000962.3,S,False
EMB,embC,c-27t,-27,GENE,PROM,SNP,NC_000962.3,S,False
EMB,embC,g-66a,-66,GENE,PROM,SNP,NC_000962.3,S,False
INH,ahpC,-34_indel,-34,GENE,PROM,INDEL,NC_000962.3,S,False
INH,ahpC,-3_indel,-3,GENE,PROM,INDEL,NC_000962.3,S,False
INH,ahpC,-400_indel,-400,GENE,PROM,INDEL,NC_000962.3,S,False
INH,ahpC,213_indel,213,GENE,CDS,INDEL,NC_000962.3,S,False
INH,ahpC,249_indel,249,GENE,CDS,INDEL,NC_000962.3,S,False
INH,ahpC,A122T,122,GENE,CDS,SNP,NC_000962.3,S,False
INH,ahpC,A187P,187,GENE,CDS,SNP,NC_000962.3,S,False
INH,ahpC,A195S,195,GENE,CDS,SNP,NC_000962.3,S,False
INH,ahpC,D182G,182,GENE,CDS,SNP,NC_000962.3,S,False
INH,ahpC,E160K,160,GENE,CDS,SNP,NC_000962.3,S,False
INH,ahpC,G45S,45,GENE,CDS,SNP,NC_000962.3,S,False
INH,ahpC,K192N,192,GENE,CDS,SNP,NC_000962.3,S,False
INH,ahpC,L191F,191,GENE,CDS,SNP,NC_000962.3,S,False
INH,ahpC,P44R,44,GENE,CDS,SNP,NC_000962.3,S,False
INH,ahpC,P62H,62,GENE,CDS,SNP,NC_000962.3,S,False
INH,ahpC,T105M,105,GENE,CDS,SNP,NC_000962.3,S,False
INH,ahpC,V158F,158,GENE,CDS,SNP,NC_000962.3,S,False
INH,ahpC,Y34C,34,GENE,CDS,SNP,NC_000962.3,S,False
INH,ahpC,a-80g,-80,GENE,PROM,SNP,NC_000962.3,S,False
INH,ahpC,a-83g,-83,GENE,PROM,SNP,NC_000962.3,S,False
INH,ahpC,a-98c,-98,GENE,PROM,SNP,NC_000962.3,S,False
INH,ahpC,c-52t,-52,GENE,PROM,SNP,NC_000962.3,S,False
INH,ahpC,c-57t,-57,GENE,PROM,SNP,NC_000962.3,R,False
INH,ahpC,c-72t,-72,GENE,PROM,SNP,NC_000962.3,R,False
INH,ahpC,c-79t,-79,GENE,PROM,SNP,NC_000962.3,S,False
INH,ahpC,c-81t,-81,GENE,PROM,SNP,NC_000962.3,S,False
INH,ahpC,g-48a,-48,GENE,PROM,SNP,NC_000962.3,R,False
INH,ahpC,g-88a,-88,GENE,PROM,SNP,NC_000962.3,S,True
INH,fabG1,A215T,215,GENE,CDS,SNP,NC_000962.3,S,False
INH,fabG1,E7K,7,GENE,CDS,SNP,NC_000962.3,S,False
INH,fabG1,L203L,203,GENE,CDS,SNP,NC_000962.3,R,False
INH,fabG1,N24S,24,GENE,CDS,SNP,NC_000962.3,S,False
INH,fabG1,P81A,81,GENE,CDS,SNP,NC_000962.3,S,False
INH,fabG1,S126N,126,GENE,CDS,SNP,NC_000962.3,S,False
INH,fabG1,T4I,4,GENE,CDS,SNP,NC_000962.3,S,False
INH,fabG1,a-16?,-16,GENE,PROM,SNP,NC_000962.3,R,False
INH,fabG1,c-15?,-15,GENE,PROM,SNP,NC_000962.3,R,False
INH,fabG1,c-15t,-15,GENE,PROM,SNP,NC_000962.3,R,False
INH,fabG1,g-17t,-17,GENE,PROM,SNP,NC_000962.3,R,False
INH,fabG1,g-47c,-47,GENE,PROM,SNP,NC_000962.3,S,False
INH,fabG1,g-77a,-77,GENE,PROM,SNP,NC_000962.3,S,False
INH,fabG1,t-8?,-8,GENE,PROM,SNP,NC_000962.3,R,False
INH,fabG1,t-8c,-8,GENE,PROM,SNP,NC_000962.3,R,False
INH,inhA,G141R,141,GENE,CDS,SNP,NC_000962.3,S,False
INH,inhA,G183R,183,GENE,CDS,SNP,NC_000962.3,S,False
INH,inhA,I194T,194,GENE,CDS,SNP,NC_000962.3,R,False
INH,inhA,I21T,21,GENE,CDS,SNP,NC_000962.3,R,False
INH,inhA,I228V,228,GENE,CDS,SNP,NC_000962.3,S,False
INH,inhA,P107S,107,GENE,CDS,SNP,NC_000962.3,S,True
INH,inhA,S94A,94,GENE,CDS,SNP,NC_000962.3,R,False
INH,inhA,V78A,78,GENE,CDS,SNP,NC_000962.3,S,True
INH,inhA,a-14g,-14,GENE,PROM,SNP,NC_000962.3,S,False
INH,inhA,c-40t,-40,GENE,PROM,SNP,NC_000962.3,S,False
INH,inhA,c-67t,-67,GENE,PROM,SNP,NC_000962.3,S,False
INH,katG,*_fs,*,GENE,CDS,INDEL,NC_000962.3,R,False
INH,katG,1286_indel,1286,GENE,CDS,INDEL,NC_000962.3,R,False
INH,katG,1339_indel,1339,GENE,CDS,INDEL,NC_000962.3,R,False
INH,katG,1365_indel,1365,GENE,CDS,INDEL,NC_000962.3,R,False
INH,katG,1804_indel,1804,GENE,CDS,INDEL,NC_000962.3,R,False
INH,katG,1900_indel,1900,GENE,CDS,INDEL,NC_000962.3,R,False
INH,katG,21_indel,21,GENE,CDS,INDEL,NC_000962.3,R,False
INH,katG,371_indel,371,GENE,CDS,INDEL,NC_000962.3,R,False
INH,katG,A109V,109,GENE,CDS,SNP,NC_000962.3,R,False
INH,katG,A162V,162,GENE,CDS,SNP,NC_000962.3,S,False
INH,katG,A16V,16,GENE,CDS,SNP,NC_000962.3,S,False
INH,katG,A281T,281,GENE,CDS,SNP,NC_000962.3,S,False
INH,katG,A480S,480,GENE,CDS,SNP,NC_000962.3,S,False
INH,katG,A532P,532,GENE,CDS,SNP,NC_000962.3,S,False
INH,katG,A551S,551,GENE,CDS,SNP,NC_000962.3,S,False
INH,katG,A591T,591,GENE,CDS,SNP,NC_000962.3,S,False
INH,katG,A606T,606,GENE,CDS,SNP,NC_000962.3,S,False
INH,katG,A614E,614,GENE,CDS,SNP,NC_000962.3,R,False
INH,katG,D142G,142,GENE,CDS,SNP,NC_000962.3,R,False
INH,katG,D194N,194,GENE,CDS,SNP,NC_000962.3,S,False
INH,katG,D215E,215,GENE,CDS,SNP,NC_000962.3,S,False
INH,katG,D406G,406,GENE,CDS,SNP,NC_000962.3,S,False
INH,katG,D511N,511,GENE,CDS,SNP,NC_000962.3,S,False
INH,katG,E340D,340,GENE,CDS,SNP,NC_000962.3,S,False
INH,katG,E522K,522,GENE,CDS,SNP,NC_000962.3,S,False
INH,katG,E523D,523,GENE,CDS,SNP,NC_000962.3,S,False
INH,katG,G121S,121,GENE,CDS,SNP,NC_000962.3,S,False
INH,katG,G123R,123,GENE,CDS,SNP,NC_000962.3,S,False
INH,katG,G124A,124,GENE,CDS,SNP,NC_000962.3,S,False
INH,katG,G124D,124,GENE,CDS,SNP,NC_000962.3,S,False
INH,katG,G125D,125,GENE,CDS,SNP,NC_000962.3,R,False
INH,katG,G182R,182,GENE,CDS,SNP,NC_000962.3,R,False
INH,katG,G237A,237,GENE,CDS,SNP,NC_000962.3,S,False
INH,katG,G285V,285,GENE,CDS,SNP,NC_000962.3,S,False
INH,katG,G297V,297,GENE,CDS,SNP,NC_000962.3,R,False
INH,katG,G534R,534,GENE,CDS,SNP,NC_000962.3,S,False
INH,katG,K433T,433,GENE,CDS,SNP,NC_000962.3,S,False
INH,katG,K537E,537,GENE,CDS,SNP,NC_000962.3,S,False
INH,katG,K557N,557,GENE,CDS,SNP,NC_000962.3,S,False
INH,katG,L141F,141,GENE,CDS,SNP,NC_000962.3,R,False
INH,katG,L159P,159,GENE,CDS,SNP,NC_000962.3,R,False
INH,katG,L205R,205,GENE,CDS,SNP,NC_000962.3,S,False
INH,katG,L398R,398,GENE,CDS,SNP,NC_000962.3,S,False
INH,katG,L598R,598,GENE,CDS,SNP,NC_000962.3,S,False
INH,katG,L696Q,696,GENE,CDS,SNP,NC_000962.3,S,False
INH,katG,L704S,704,GENE,CDS,SNP,NC_000962.3,R,False
INH,katG,M257I,257,GENE,CDS,SNP,NC_000962.3,S,False
INH,katG,M609T,609,GENE,CDS,SNP,NC_000962.3,S,False
INH,katG,N323S,323,GENE,CDS,SNP,NC_000962.3,S,False
INH,katG,N562H,562,GENE,CDS,SNP,NC_000962.3,S,False
INH,katG,P232R,232,GENE,CDS,SNP,NC_000962.3,R,False
INH,katG,P432T,432,GENE,CDS,SNP,NC_000962.3,S,False
INH,katG,P510A,510,GENE,CDS,SNP,NC_000962.3,S,False
INH,katG,P6S,6,GENE,CDS,SNP,NC_000962.3,S,False
INH,katG,Q295A,295,GENE,CDS,SNP,NC_000962.3,S,False
INH,katG,Q36P,36,GENE,CDS,SNP,NC_000962.3,S,False
INH,katG,Q525K,525,GENE,CDS,SNP,NC_000962.3,S,False
INH,katG,Q525S,525,GENE,CDS,SNP,NC_000962.3,S,False
INH,katG,Q88E,88,GENE,CDS,SNP,NC_000962.3,S,False
INH,katG,R104Q,104,GENE,CDS,SNP,NC_000962.3,R,False
INH,katG,R463L,463,GENE,CDS,SNP,NC_000962.3,S,True
INH,katG,R519H,519,GENE,CDS,SNP,NC_000962.3,S,False
INH,katG,S315?,315,GENE,CDS,SNP,NC_000962.3,R,False
INH,katG,S315I,315,GENE,CDS,SNP,NC_000962.3,R,False
INH,katG,S315N,315,GENE,CDS,SNP,NC_000962.3,R,False
INH,katG,S315T,315,GENE,CDS,SNP,NC_000962.3,R,False
INH,katG,S446N,446,GENE,CDS,SNP,NC_000962.3,S,False
INH,katG,S481L,481,GENE,CDS,SNP,NC_000962.3,R,False
INH,katG,S527L,527,GENE,CDS,SNP,NC_000962.3,S,False
INH,katG,S700P,700,GENE,CDS,SNP,NC_000962.3,R,False
INH,katG,T12A,12,GENE,CDS,SNP,NC_000962.3,S,False
INH,katG,T180K,180,GENE,CDS,SNP,NC_000962.3,R,False
INH,katG,T308A,308,GENE,CDS,SNP,NC_000962.3,S,False
INH,katG,T394A,394,GENE,CDS,SNP,NC_000962.3,S,False
INH,katG,T475I,475,GENE,CDS,SNP,NC_000962.3,S,False
INH,katG,T625A,625,GENE,CDS,SNP,NC_000962.3,S,False
INH,katG,T667I,667,GENE,CDS,SNP,NC_000962.3,S,False
INH,katG,T77R,77,GENE,CDS,SNP,NC_000962.3,S,False
INH,katG,V23L,23,GENE,CDS,SNP,NC_000962.3,S,False
INH,katG,V260I,260,GENE,CDS,SNP,NC_000962.3,S,False
INH,katG,V445I,445,GENE,CDS,SNP,NC_000962.3,S,False
INH,katG,V469L,469,GENE,CDS,SNP,NC_000962.3,S,False
INH,katG,V473L,473,GENE,CDS,SNP,NC_000962.3,S,False
INH,katG,V47I,47,GENE,CDS,SNP,NC_000962.3,S,False
INH,katG,V507I,507,GENE,CDS,SNP,NC_000962.3,S,False
INH,katG,V633A,633,GENE,CDS,SNP,NC_000962.3,R,False
INH,katG,V68G,68,GENE,CDS,SNP,NC_000962.3,S,False
INH,katG,V739M,739,GENE,CDS,SNP,NC_000962.3,S,False
INH,katG,W191G,191,GENE,CDS,SNP,NC_000962.3,R,False
INH,katG,W191R,191,GENE,CDS,SNP,NC_000962.3,R,False
INH,katG,W300C,300,GENE,CDS,SNP,NC_000962.3,R,False
INH,katG,W328L,328,GENE,CDS,SNP,NC_000962.3,R,False
INH,katG,W505!,505,GENE,CDS,SNP,NC_000962.3,R,False
INH,katG,W90R,90,GENE,CDS,SNP,NC_000962.3,R,False
INH,katG,a-35g,-35,GENE,PROM,SNP,NC_000962.3,S,False
INH,katG,c-79t,-79,GENE,PROM,SNP,NC_000962.3,S,False
INH,katG,c-85t,-85,GENE,PROM,SNP,NC_000962.3,S,False
INH,katG,g-76a,-76,GENE,PROM,SNP,NC_000962.3,S,False
INH,katG,g-89a,-89,GENE,PROM,SNP,NC_000962.3,S,False
INH,katG,t-13c,-13,GENE,PROM,SNP,NC_000962.3,S,False
PZA,pncA,!187?,187,GENE,CDS,SNP,NC_000962.3,S,False
PZA,pncA,*_fs,*,GENE,CDS,INDEL,NC_000962.3,R,False
PZA,pncA,-1526_indel,-1526,GENE,PROM,INDEL,NC_000962.3,R,False
PZA,pncA,-3_indel,-3,GENE,PROM,INDEL,NC_000962.3,S,False
PZA,pncA,-745_indel,-745,GENE,PROM,INDEL,NC_000962.3,R,False
PZA,pncA,145_indel,145,GENE,CDS,INDEL,NC_000962.3,S,False
PZA,pncA,185_indel,185,GENE,CDS,INDEL,NC_000962.3,R,False
PZA,pncA,189_indel,189,GENE,CDS,INDEL,NC_000962.3,S,False
PZA,pncA,192_indel,192,GENE,CDS,INDEL,NC_000962.3,R,False
PZA,pncA,231_indel,231,GENE,CDS,INDEL,NC_000962.3,S,False
PZA,pncA,306_indel,306,GENE,CDS,INDEL,NC_000962.3,R,False
PZA,pncA,338_indel,338,GENE,CDS,INDEL,NC_000962.3,S,False
PZA,pncA,386_indel,386,GENE,CDS,INDEL,NC_000962.3,R,False
PZA,pncA,395_indel,395,GENE,CDS,INDEL,NC_000962.3,S,False
PZA,pncA,416_indel,416,GENE,CDS,INDEL,NC_000962.3,S,False
PZA,pncA,428_indel,428,GENE,CDS,INDEL,NC_000962.3,R,False
PZA,pncA,456_indel,456,GENE,CDS,INDEL,NC_000962.3,R,False
PZA,pncA,463_indel,463,GENE,CDS,INDEL,NC_000962.3,R,False
PZA,pncA,470_indel,470,GENE,CDS,INDEL,NC_000962.3,R,False
PZA,pncA,47_indel,47,GENE,CDS,INDEL,NC_000962.3,S,False
PZA,pncA,48_indel,48,GENE,CDS,INDEL,NC_000962.3,R,False
PZA,pncA,517_indel,517,GENE,CDS,INDEL,NC_000962.3,R,False
PZA,pncA,553_indel,553,GENE,CDS,INDEL,NC_000962.3,R,False
PZA,pncA,A102P,102,GENE,CDS,SNP,NC_000962.3,S,False
PZA,pncA,A134D,134,GENE,CDS,SNP,NC_000962.3,S,False
PZA,pncA,A134P,134,GENE,CDS,SNP,NC_000962.3,R,False
PZA,pncA,A134V,134,GENE,CDS,SNP,NC_000962.3,R,False
PZA,pncA,A143D,143,GENE,CDS,SNP,NC_000962.3,R,False
PZA,pncA,A143V,143,GENE,CDS,SNP,NC_000962.3,S,False
PZA,pncA,A146E,146,GENE,CDS,SNP,NC_000962.3,R,False
PZA,pncA,A146S,146,GENE,CDS,SNP,NC_000962.3,R,False
PZA,pncA,A146T,146,GENE,CDS,SNP,NC_000962.3,S,False
PZA,pncA,A146V,146,GENE,CDS,SNP,NC_000962.3,R,False
PZA,pncA,A152V,152,GENE,CDS,SNP,NC_000962.3,R,False
PZA,pncA,A161P,161,GENE,CDS,SNP,NC_000962.3,R,False
PZA,pncA,A165D,165,GENE,CDS,SNP,NC_000962.3,R,False
PZA,pncA,A170S,170,GENE,CDS,SNP,NC_000962.3,R,False
PZA,pncA,A170V,170,GENE,CDS,SNP,NC_000962.3,R,False
PZA,pncA,A171A,171,GENE,CDS,SNP,NC_000962.3,R,False
PZA,pncA,A171E,171,GENE,CDS,SNP,NC_000962.3,R,False
PZA,pncA,A171T,171,GENE,CDS,SNP,NC_000962.3,R,False
PZA,pncA,A26V,26,GENE,CDS,SNP,NC_000962.3,R,False
PZA,pncA,A28S,28,GENE,CDS,SNP,NC_000962.3,R,False
PZA,pncA,A30P,30,GENE,CDS,SNP,NC_000962.3,R,False
PZA,pncA,A30S,30,GENE,CDS,SNP,NC_000962.3,R,False
PZA,pncA,A30V,30,GENE,CDS,SNP,NC_000962.3,R,False
PZA,pncA,A36D,36,GENE,CDS,SNP,NC_000962.3,R,False
PZA,pncA,A36S,36,GENE,CDS,SNP,NC_000962.3,R,False
PZA,pncA,A38A,38,GENE,CDS,SNP,NC_000962.3,R,False
PZA,pncA,A38G,38,GENE,CDS,SNP,NC_000962.3,R,False
PZA,pncA,A38S,38,GENE,CDS,SNP,NC_000962.3,R,False
PZA,pncA,A3A,3,GENE,CDS,SNP,NC_000962.3,R,False
PZA,pncA,A3E,3,GENE,CDS,SNP,NC_000962.3,R,False
PZA,pncA,A46A,46,GENE,CDS,SNP,NC_000962.3,R,False
PZA,pncA,A46E,46,GENE,CDS,SNP,NC_000962.3,R,False
PZA,pncA,A46P,46,GENE,CDS,SNP,NC_000962.3,R,False
PZA,pncA,A46V,46,GENE,CDS,SNP,NC_000962.3,R,False
PZA,pncA,A79A,79,GENE,CDS,SNP,NC_000962.3,R,False
PZA,pncA,A79P,79,GENE,CDS,SNP,NC_000962.3,R,False
PZA,pncA,A79T,79,GENE,CDS,SNP,NC_000962.3,S,False
PZA,pncA,A89V,89,GENE,CDS,SNP,NC_000962.3,R,False
PZA,pncA,A92E,92,GENE,CDS,SNP,NC_000962.3,R,False
PZA,pncA,C138!,138,GENE,CDS,SNP,NC_000962.3,R,False
PZA,pncA,C138F,138,GENE,CDS,SNP,NC_000962.3,R,False
PZA,pncA,C138G,138,GENE,CDS,SNP,NC_000962.3,R,False
PZA,pncA,C138R,138,GENE,CDS,SNP,NC_000962.3,R,False
PZA,pncA,C138S,138,GENE,CDS,SNP,NC_000962.3,R,False
PZA,pncA,C138Y,138,GENE,CDS,SNP,NC_000962.3,R,False
PZA,pncA,C14!,14,GENE,CDS,SNP,NC_000962.3,R,False
PZA,pncA,C14R,14,GENE,CDS,SNP,NC_000962.3,R,False
PZA,pncA,C14W,14,GENE,CDS,SNP,NC_000962.3,R,False
PZA,pncA,C14Y,14,GENE,CDS,SNP,NC_000962.3,R,False
PZA,pncA,C184R,184,GENE,CDS,SNP,NC_000962.3,R,False
PZA,pncA,C72!,72,GENE,CDS,SNP,NC_000962.3,R,False
PZA,pncA,C72F,72,GENE,CDS,SNP,NC_000962.3,R,False
PZA,pncA,C72R,72,GENE,CDS,SNP,NC_000962.3,R,False
PZA,pncA,C72W,72,GENE,CDS,SNP,NC_000962.3,R,False
PZA,pncA,C72Y,72,GENE,CDS,SNP,NC_000962.3,R,False
PZA,pncA,D110E,110,GENE,CDS,SNP,NC_000962.3,R,False
PZA,pncA,D110H,110,GENE,CDS,SNP,NC_000962.3,R,False
PZA,pncA,D110N,110,GENE,CDS,SNP,NC_000962.3,R,False
PZA,pncA,D129E,129,GENE,CDS,SNP,NC_000962.3,R,False
PZA,pncA,D129N,129,GENE,CDS,SNP,NC_000962.3,S,False
PZA,pncA,D12A,12,GENE,CDS,SNP,NC_000962.3,R,False
PZA,pncA,D12E,12,GENE,CDS,SNP,NC_000962.3,R,False
PZA,pncA,D12G,12,GENE,CDS,SNP,NC_000962.3,R,False
PZA,pncA,D12H,12,GENE,CDS,SNP,NC_000962.3,R,False
PZA,pncA,D12N,12,GENE,CDS,SNP,NC_000962.3,R,False
PZA,pncA,D12Y,12,GENE,CDS,SNP,NC_000962.3,R,False
PZA,pncA,D136H,136,GENE,CDS,SNP,NC_000962.3,R,False
PZA,pncA,D136N,136,GENE,CDS,SNP,NC_000962.3,R,False
PZA,pncA,D136V,136,GENE,CDS,SNP,NC_000962.3,R,False
PZA,pncA,D136Y,136,GENE,CDS,SNP,NC_000962.3,R,False
PZA,pncA,D145E,145,GENE,CDS,SNP,NC_000962.3,R,False
PZA,pncA,D158G,158,GENE,CDS,SNP,NC_000962.3,R,False
PZA,pncA,D166V,166,GENE,CDS,SNP,NC_000962.3,R,False
PZA,pncA,D49E,49,GENE,CDS,SNP,NC_000962.3,R,False
PZA,pncA,D49G,49,GENE,CDS,SNP,NC_000962.3,R,False
PZA,pncA,D49H,49,GENE,CDS,SNP,NC_000962.3,R,False
PZA,pncA,D49N,49,GENE,CDS,SNP,NC_000962.3,R,False
PZA,pncA,D49V,49,GENE,CDS,SNP,NC_000962.3,R,False
PZA,pncA,D49Y,49,GENE,CDS,SNP,NC_000962.3,R,False
PZA,pncA,D53E,53,GENE,CDS,SNP,NC_000962.3,S,False
PZA,pncA,D56D,56,GENE,CDS,SNP,NC_000962.3,R,False
PZA,pncA,D63A,63,GENE,CDS,SNP,NC_000962.3,S,False
PZA,pncA,D63E,63,GENE,CDS,SNP,NC_000962.3,R,False
PZA,pncA,D63G,63,GENE,CDS,SNP,NC_000962.3,R,False
PZA,pncA,D63H,63,GENE,CDS,SNP,NC_000962.3,R,False
PZA,pncA,D63Y,63,GENE,CDS,SNP,NC_000962.3,R,False
PZA,pncA,D80H,80,GENE,CDS,SNP,NC_000962.3,R,False
PZA,pncA,D86V,86,GENE,CDS,SNP,NC_000962.3,R,False
PZA,pncA,D8A,8,GENE,CDS,SNP,NC_000962.3,R,False
PZA,pncA,D8E,8,GENE,CDS,SNP,NC_000962.3,R,False
PZA,pncA,D8G,8,GENE,CDS,SNP,NC_000962.3,R,False
PZA,pncA,D8H,8,GENE,CDS,SNP,NC_000962.3,R,False
PZA,pncA,D8N,8,GENE,CDS,SNP,NC_000962.3,R,False
PZA,pncA,D8V,8,GENE,CDS,SNP,NC_000962.3,R,False
PZA,pncA,D8Y,8,GENE,CDS,SNP,NC_000962.3,R,False
PZA,pncA,E107E,107,GENE,CDS,SNP,NC_000962.3,R,False
PZA,pncA,E111!,111,GENE,CDS,SNP,NC_000962.3,R,False
PZA,pncA,E127!,127,GENE,CDS,SNP,NC_000962.3,R,False
PZA,pncA,E127D,127,GENE,CDS,SNP,NC_000962.3,R,False
PZA,pncA,E144!,144,GENE,CDS,SNP,NC_000962.3,R,False
PZA,pncA,E15!,15,GENE,CDS,SNP,NC_000962.3,R,False
PZA,pncA,E173!,173,GENE,CDS,SNP,NC_000962.3,R,False
PZA,pncA,E173G,173,GENE,CDS,SNP,NC_000962.3,R,False
PZA,pncA,E174G,174,GENE,CDS,SNP,NC_000962.3,R,False
PZA,pncA,E174K,174,GENE,CDS,SNP,NC_000962.3,R,False
PZA,pncA,E181!,181,GENE,CDS,SNP,NC_000962.3,R,False
PZA,pncA,E181K,181,GENE,CDS,SNP,NC_000962.3,R,False
PZA,pncA,E37!,37,GENE,CDS,SNP,NC_000962.3,R,False
PZA,pncA,E37V,37,GENE,CDS,SNP,NC_000962.3,S,False
PZA,pncA,E91!,91,GENE,CDS,SNP,NC_000962.3,R,False
PZA,pncA,F106S,106,GENE,CDS,SNP,NC_000962.3,R,False
PZA,pncA,F106Y,106,GENE,CDS,SNP,NC_000962.3,R,False
PZA,pncA,F13I,13,GENE,CDS,SNP,NC_000962.3,R,False
PZA,pncA,F13V,13,GENE,CDS,SNP,NC_000962.3,R,False
PZA,pncA,F13Y,13,GENE,CDS,SNP,NC_000962.3,R,False
PZA,pncA,F50F,50,GENE,CDS,SNP,NC_000962.3,R,False
PZA,pncA,F58I,58,GENE,CDS,SNP,NC_000962.3,R,False
PZA,pncA,F58L,58,GENE,CDS,SNP,NC_000962.3,R,False
PZA,pncA,F58S,58,GENE,CDS,SNP,NC_000962.3,R,False
PZA,pncA,F81S,81,GENE,CDS,SNP,NC_000962.3,R,False
PZA,pncA,F81V,81,GENE,CDS,SNP,NC_000962.3,R,False
PZA,pncA,F94C,94,GENE,CDS,SNP,NC_000962.3,R,False
PZA,pncA,F94F,94,GENE,CDS,SNP,NC_000962.3,R,False
PZA,pncA,F94L,94,GENE,CDS,SNP,NC_000962.3,R,False
PZA,pncA,F94S,94,GENE,CDS,SNP,NC_000962.3,R,False
PZA,pncA,G101!,101,GENE,CDS,SNP,NC_000962.3,R,False
PZA,pncA,G101E,101,GENE,CDS,SNP,NC_000962.3,R,False
PZA,pncA,G105D,105,GENE,CDS,SNP,NC_000962.3,R,False
PZA,pncA,G105R,105,GENE,CDS,SNP,NC_000962.3,R,False
PZA,pncA,G105V,105,GENE,CDS,SNP,NC_000962.3,R,False
PZA,pncA,G108!,108,GENE,CDS,SNP,NC_000962.3,R,False
PZA,pncA,G108E,108,GENE,CDS,SNP,NC_000962.3,R,False
PZA,pncA,G108R,108,GENE,CDS,SNP,NC_000962.3,R,False
PZA,pncA,G124S,124,GENE,CDS,SNP,NC_000962.3,R,False
PZA,pncA,G132A,132,GENE,CDS,SNP,NC_000962.3,R,False
PZA,pncA,G132C,132,GENE,CDS,SNP,NC_000962.3,R,False
PZA,pncA,G132D,132,GENE,CDS,SNP,NC_000962.3,R,False
PZA,pncA,G132R,132,GENE,CDS,SNP,NC_000962.3,R,False
PZA,pncA,G132S,132,GENE,CDS,SNP,NC_000962.3,R,False
PZA,pncA,G132V,132,GENE,CDS,SNP,NC_000962.3,R,False
PZA,pncA,G150G,150,GENE,CDS,SNP,NC_000962.3,R,False
PZA,pncA,G162A,162,GENE,CDS,SNP,NC_000962.3,R,False
PZA,pncA,G162D,162,GENE,CDS,SNP,NC_000962.3,R,False
PZA,pncA,G162V,162,GENE,CDS,SNP,NC_000962.3,R,False
PZA,pncA,G16G,16,GENE,CDS,SNP,NC_000962.3,R,False
PZA,pncA,G16R,16,GENE,CDS,SNP,NC_000962.3,R,False
PZA,pncA,G16V,16,GENE,CDS,SNP,NC_000962.3,R,False
PZA,pncA,G17C,17,GENE,CDS,SNP,NC_000962.3,R,False
PZA,pncA,G17D,17,GENE,CDS,SNP,NC_000962.3,R,False
PZA,pncA,G17S,17,GENE,CDS,SNP,NC_000962.3,S,False
PZA,pncA,G23V,23,GENE,CDS,SNP,NC_000962.3,R,False
PZA,pncA,G24D,24,GENE,CDS,SNP,NC_000962.3,R,False
PZA,pncA,G24V,24,GENE,CDS,SNP,NC_000962.3,R,False
PZA,pncA,G55C,55,GENE,CDS,SNP,NC_000962.3,R,False
PZA,pncA,G75V,75,GENE,CDS,SNP,NC_000962.3,R,False
PZA,pncA,G78C,78,GENE,CDS,SNP,NC_000962.3,R,False
PZA,pncA,G78D,78,GENE,CDS,SNP,NC_000962.3,R,False
PZA,pncA,G78V,78,GENE,CDS,SNP,NC_000962.3,R,False
PZA,pncA,G97C,97,GENE,CDS,SNP,NC_000962.3,R,False
PZA,pncA,G97D,97,GENE,CDS,SNP,NC_000962.3,R,False
PZA,pncA,G97R,97,GENE,CDS,SNP,NC_000962.3,R,False
PZA,pncA,G97S,97,GENE,CDS,SNP,NC_000962.3,R,False
PZA,pncA,H137D,137,GENE,CDS,SNP,NC_000962.3,R,False
PZA,pncA,H137P,137,GENE,CDS,SNP,NC_000962.3,R,False
PZA,pncA,H137R,137,GENE,CDS,SNP,NC_000962.3,R,False
PZA,pncA,H42N,42,GENE,CDS,SNP,NC_000962.3,R,False
PZA,pncA,H42Q,42,GENE,CDS,SNP,NC_000962.3,R,False
PZA,pncA,H43P,43,GENE,CDS,SNP,NC_000962.3,R,False
PZA,pncA,H43Q,43,GENE,CDS,SNP,NC_000962.3,R,False
PZA,pncA,H51D,51,GENE,CDS,SNP,NC_000962.3,R,False
PZA,pncA,H51L,51,GENE,CDS,SNP,NC_000962.3,R,False
PZA,pncA,H51N,51,GENE,CDS,SNP,NC_000962.3,R,False
PZA,pncA,H51Q,51,GENE,CDS,SNP,NC_000962.3,R,False
PZA,pncA,H51R,51,GENE,CDS,SNP,NC_000962.3,R,False
PZA,pncA,H51Y,51,GENE,CDS,SNP,NC_000962.3,R,False
PZA,pncA,H57D,57,GENE,CDS,SNP,NC_000962.3,R,False
PZA,pncA,H57L,57,GENE,CDS,SNP,NC_000962.3,R,False
PZA,pncA,H57N,57,GENE,CDS,SNP,NC_000962.3,R,False
PZA,pncA,H57P,57,GENE,CDS,SNP,NC_000962.3,R,False
PZA,pncA,H57Q,57,GENE,CDS,SNP,NC_000962.3,R,False
PZA,pncA,H57R,57,GENE,CDS,SNP,NC_000962.3,R,False
PZA,pncA,H57Y,57,GENE,CDS,SNP,NC_000962.3,R,False
PZA,pncA,H71D,71,GENE,CDS,SNP,NC_000962.3,R,False
PZA,pncA,H71H,71,GENE,CDS,SNP,NC_000962.3,R,False
PZA,pncA,H71L,71,GENE,CDS,SNP,NC_000962.3,R,False
PZA,pncA,H71N,71,GENE,CDS,SNP,NC_000962.3,R,False
PZA,pncA,H71Q,71,GENE,CDS,SNP,NC_000962.3,R,False
PZA,pncA,H71R,71,GENE,CDS,SNP,NC_000962.3,R,False
PZA,pncA,H71Y,71,GENE,CDS,SNP,NC_000962.3,R,False
PZA,pncA,H82D,82,GENE,CDS,SNP,NC_000962.3,S,False
PZA,pncA,H82L,82,GENE,CDS,SNP,NC_000962.3,R,False
PZA,pncA,H82R,82,GENE,CDS,SNP,NC_000962.3,R,False
PZA,pncA,I133F,133,GENE,CDS,SNP,NC_000962.3,R,False
PZA,pncA,I133N,133,GENE,CDS,SNP,NC_000962.3,R,False
PZA,pncA,I133T,133,GENE,CDS,SNP,NC_000962.3,R,False
PZA,pncA,I31F,31,GENE,CDS,SNP,NC_000962.3,R,False
PZA,pncA,I31N,31,GENE,CDS,SNP,NC_000962.3,R,False
PZA,pncA,I31T,31,GENE,CDS,SNP,NC_000962.3,R,False
PZA,pncA,I52T,52,GENE,CDS,SNP,NC_000962.3,R,False
PZA,pncA,I5F,5,GENE,CDS,SNP,NC_000962.3,R,False
PZA,pncA,I5M,5,GENE,CDS,SNP,NC_000962.3,R,False
PZA,pncA,I5N,5,GENE,CDS,SNP,NC_000962.3,R,False
PZA,pncA,I5T,5,GENE,CDS,SNP,NC_000962.3,R,False
PZA,pncA,I6F,6,GENE,CDS,SNP,NC_000962.3,R,False
PZA,pncA,I6M,6,GENE,CDS,SNP,NC_000962.3,R,False
PZA,pncA,I6T,6,GENE,CDS,SNP,NC_000962.3,R,False
PZA,pncA,K48!,48,GENE,CDS,SNP,NC_000962.3,R,False
PZA,pncA,K48E,48,GENE,CDS,SNP,NC_000962.3,R,False
PZA,pncA,K48T,48,GENE,CDS,SNP,NC_000962.3,R,False
PZA,pncA,K96!,96,GENE,CDS,SNP,NC_000962.3,R,False
PZA,pncA,K96E,96,GENE,CDS,SNP,NC_000962.3,R,False
PZA,pncA,K96M,96,GENE,CDS,SNP,NC_000962.3,R,False
PZA,pncA,K96N,96,GENE,CDS,SNP,NC_000962.3,R,False
PZA,pncA,K96Q,96,GENE,CDS,SNP,NC_000962.3,R,False
PZA,pncA,K96R,96,GENE,CDS,SNP,NC_000962.3,R,False
PZA,pncA,K96T,96,GENE,CDS,SNP,NC_000962.3,R,False
PZA,pncA,L116P,116,GENE,CDS,SNP,NC_000962.3,R,False
PZA,pncA,L116Q,116,GENE,CDS,SNP,NC_000962.3,R,False
PZA,pncA,L116R,116,GENE,CDS,SNP,NC_000962.3,R,False
PZA,pncA,L117Q,117,GENE,CDS,SNP,NC_000962.3,R,False
PZA,pncA,L120P,120,GENE,CDS,SNP,NC_000962.3,R,False
PZA,pncA,L120Q,120,GENE,CDS,SNP,NC_000962.3,R,False
PZA,pncA,L151!,151,GENE,CDS,SNP,NC_000962.3,R,False
PZA,pncA,L151S,151,GENE,CDS,SNP,NC_000962.3,R,False
PZA,pncA,L156P,156,GENE,CDS,SNP,NC_000962.3,R,False
PZA,pncA,L156R,156,GENE,CDS,SNP,NC_000962.3,R,False
PZA,pncA,L159P,159,GENE,CDS,SNP,NC_000962.3,R,False
PZA,pncA,L159Q,159,GENE,CDS,SNP,NC_000962.3,R,False
PZA,pncA,L159V,159,GENE,CDS,SNP,NC_000962.3,R,False
PZA,pncA,L172P,172,GENE,CDS,SNP,NC_000962.3,R,False
PZA,pncA,L182S,182,GENE,CDS,SNP,NC_000962.3,S,False
PZA,pncA,L19L,19,GENE,CDS,SNP,NC_000962.3,R,False
PZA,pncA,L19P,19,GENE,CDS,SNP,NC_000962.3,R,False
PZA,pncA,L19Q,19,GENE,CDS,SNP,NC_000962.3,R,False
PZA,pncA,L27P,27,GENE,CDS,SNP,NC_000962.3,R,False
PZA,pncA,L27Q,27,GENE,CDS,SNP,NC_000962.3,R,False
PZA,pncA,L35P,35,GENE,CDS,SNP,NC_000962.3,R,False
PZA,pncA,L35R,35,GENE,CDS,SNP,NC_000962.3,S,False
PZA,pncA,L4!,4,GENE,CDS,SNP,NC_000962.3,R,False
PZA,pncA,L4F,4,GENE,CDS,SNP,NC_000962.3,R,False
PZA,pncA,L4S,4,GENE,CDS,SNP,NC_000962.3,R,False
PZA,pncA,L4V,4,GENE,CDS,SNP,NC_000962.3,R,False
PZA,pncA,L4W,4,GENE,CDS,SNP,NC_000962.3,R,False
PZA,pncA,L85P,85,GENE,CDS,SNP,NC_000962.3,R,False
PZA,pncA,L85Q,85,GENE,CDS,SNP,NC_000962.3,R,False
PZA,pncA,L85R,85,GENE,CDS,SNP,NC_000962.3,R,False
PZA,pncA,M175I,175,GENE,CDS,SNP,NC_000962.3,R,False
PZA,pncA,M175K,175,GENE,CDS,SNP,NC_000962.3,R,False
PZA,pncA,M175T,175,GENE,CDS,SNP,NC_000962.3,R,False
PZA,pncA,M175V,175,GENE,CDS,SNP,NC_000962.3,R,False
PZA,pncA,M1I,1,GENE,CDS,SNP,NC_000962.3,S,False
PZA,pncA,M1L,1,GENE,CDS,SNP,NC_000962.3,R,False
PZA,pncA,N112S,112,GENE,CDS,SNP,NC_000962.3,R,False
PZA,pncA,N118N,118,GENE,CDS,SNP,NC_000962.3,R,False
PZA,pncA,N118Y,118,GENE,CDS,SNP,NC_000962.3,R,False
PZA,pncA,N11T,11,GENE,CDS,SNP,NC_000962.3,R,False
PZA,pncA,N149I,149,GENE,CDS,SNP,NC_000962.3,R,False
PZA,pncA,N149Y,149,GENE,CDS,SNP,NC_000962.3,R,False
PZA,pncA,P115A,115,GENE,CDS,SNP,NC_000962.3,R,False
PZA,pncA,P115R,115,GENE,CDS,SNP,NC_000962.3,R,False
PZA,pncA,P54L,54,GENE,CDS,SNP,NC_000962.3,R,False
PZA,pncA,P54Q,54,GENE,CDS,SNP,NC_000962.3,R,False
PZA,pncA,P54R,54,GENE,CDS,SNP,NC_000962.3,R,False
PZA,pncA,P54S,54,GENE,CDS,SNP,NC_000962.3,R,False
PZA,pncA,P54T,54,GENE,CDS,SNP,NC_000962.3,R,False
PZA,pncA,P62A,62,GENE,CDS,SNP,NC_000962.3,R,False
PZA,pncA,P62L,62,GENE,CDS,SNP,NC_000962.3,R,False
PZA,pncA,P62P,62,GENE,CDS,SNP,NC_000962.3,R,False
PZA,pncA,P62Q,62,GENE,CDS,SNP,NC_000962.3,R,False
PZA,pncA,P62R,62,GENE,CDS,SNP,NC_000962.3,R,False
PZA,pncA,P62S,62,GENE,CDS,SNP,NC_000962.3,R,False
PZA,pncA,P69L,69,GENE,CDS,SNP,NC_000962.3,R,False
PZA,pncA,P69Q,69,GENE,CDS,SNP,NC_000962.3,R,False
PZA,pncA,P69S,69,GENE,CDS,SNP,NC_000962.3,S,False
PZA,pncA,P70A,70,GENE,CDS,SNP,NC_000962.3,R,False
PZA,pncA,P70S,70,GENE,CDS,SNP,NC_000962.3,R,False
PZA,pncA,P77L,77,GENE,CDS,SNP,NC_000962.3,S,False
PZA,pncA,P77S,77,GENE,CDS,SNP,NC_000962.3,R,False
PZA,pncA,Q10!,10,GENE,CDS,SNP,NC_000962.3,R,False
PZA,pncA,Q10E,10,GENE,CDS,SNP,NC_000962.3,R,False
PZA,pncA,Q10H,10,GENE,CDS,SNP,NC_000962.3,R,False
PZA,pncA,Q10L,10,GENE,CDS,SNP,NC_000962.3,R,False
PZA,pncA,Q10P,10,GENE,CDS,SNP,NC_000962.3,R,False
PZA,pncA,Q10R,10,GENE,CDS,SNP,NC_000962.3,R,False
PZA,pncA,Q122!,122,GENE,CDS,SNP,NC_000962.3,R,False
PZA,pncA,Q122K,122,GENE,CDS,SNP,NC_000962.3,R,False
PZA,pncA,Q122Q,122,GENE,CDS,SNP,NC_000962.3,R,False
PZA,pncA,Q141!,141,GENE,CDS,SNP,NC_000962.3,R,False
PZA,pncA,Q141P,141,GENE,CDS,SNP,NC_000962.3,R,False
PZA,pncA,R121Q,121,GENE,CDS,SNP,NC_000962.3,S,False
PZA,pncA,R123P,123,GENE,CDS,SNP,NC_000962.3,R,False
PZA,pncA,R123S,123,GENE,CDS,SNP,NC_000962.3,R,False
PZA,pncA,R140P,140,GENE,CDS,SNP,NC_000962.3,R,False
PZA,pncA,R154M,154,GENE,CDS,SNP,NC_000962.3,R,False
PZA,pncA,R176P,176,GENE,CDS,SNP,NC_000962.3,R,False
PZA,pncA,R29C,29,GENE,CDS,SNP,NC_000962.3,R,False
PZA,pncA,S104C,104,GENE,CDS,SNP,NC_000962.3,R,False
PZA,pncA,S104G,104,GENE,CDS,SNP,NC_000962.3,R,False
PZA,pncA,S104R,104,GENE,CDS,SNP,NC_000962.3,R,False
PZA,pncA,S164!,164,GENE,CDS,SNP,NC_000962.3,R,False
PZA,pncA,S164P,164,GENE,CDS,SNP,NC_000962.3,R,False
PZA,pncA,S164S,164,GENE,CDS,SNP,NC_000962.3,R,False
PZA,pncA,S164T,164,GENE,CDS,SNP,NC_000962.3,R,False
PZA,pncA,S179N,179,GENE,CDS,SNP,NC_000962.3,R,False
PZA,pncA,S18!,18,GENE,CDS,SNP,NC_000962.3,R,False
PZA,pncA,S186F,186,GENE,CDS,SNP,NC_000962.3,R,False
PZA,pncA,S18L,18,GENE,CDS,SNP,NC_000962.3,R,False
PZA,pncA,S18P,18,GENE,CDS,SNP,NC_000962.3,S,False
PZA,pncA,S18T,18,GENE,CDS,SNP,NC_000962.3,R,False
PZA,pncA,S32I,32,GENE,CDS,SNP,NC_000962.3,R,False
PZA,pncA,S32N,32,GENE,CDS,SNP,NC_000962.3,R,False
PZA,pncA,S59F,59,GENE,CDS,SNP,NC_000962.3,R,False
PZA,pncA,S59P,59,GENE,CDS,SNP,NC_000962.3,R,False
PZA,pncA,S65F,65,GENE,CDS,SNP,NC_000962.3,R,False
PZA,pncA,S65P,65,GENE,CDS,SNP,NC_000962.3,S,False
PZA,pncA,S66!,66,GENE,CDS,SNP,NC_000962.3,R,False
PZA,pncA,S66L,66,GENE,CDS,SNP,NC_000962.3,S,False
PZA,pncA,S66P,66,GENE,CDS,SNP,NC_000962.3,R,False
PZA,pncA,S67!,67,GENE,CDS,SNP,NC_000962.3,R,False
PZA,pncA,S67P,67,GENE,CDS,SNP,NC_000962.3,R,False
PZA,pncA,S88!,88,GENE,CDS,SNP,NC_000962.3,R,False
PZA,pncA,S88T,88,GENE,CDS,SNP,NC_000962.3,R,False
PZA,pncA,T114A,114,GENE,CDS,SNP,NC_000962.3,R,False
PZA,pncA,T114M,114,GENE,CDS,SNP,NC_000962.3,S,False
PZA,pncA,T114P,114,GENE,CDS,SNP,NC_000962.3,R,False
PZA,pncA,T114T,114,GENE,CDS,SNP,NC_000962.3,R,False
PZA,pncA,T135I,135,GENE,CDS,SNP,NC_000962.3,R,False
PZA,pncA,T135N,135,GENE,CDS,SNP,NC_000962.3,R,False
PZA,pncA,T135P,135,GENE,CDS,SNP,NC_000962.3,R,False
PZA,pncA,T135S,135,GENE,CDS,SNP,NC_000962.3,R,False
PZA,pncA,T142A,142,GENE,CDS,SNP,NC_000962.3,R,False
PZA,pncA,T142K,142,GENE,CDS,SNP,NC_000962.3,R,False
PZA,pncA,T142M,142,GENE,CDS,SNP,NC_000962.3,R,False
PZA,pncA,T142R,142,GENE,CDS,SNP,NC_000962.3,R,False
PZA,pncA,T142T,142,GENE,CDS,SNP,NC_000962.3,R,False
PZA,pncA,T153N,153,GENE,CDS,SNP,NC_000962.3,R,False
PZA,pncA,T160K,160,GENE,CDS,SNP,NC_000962.3,R,False
PZA,pncA,T160P,160,GENE,CDS,SNP,NC_000962.3,R,False
PZA,pncA,T160R,160,GENE,CDS,SNP,NC_000962.3,R,False
PZA,pncA,T168I,168,GENE,CDS,SNP,NC_000962.3,S,False
PZA,pncA,T168P,168,GENE,CDS,SNP,NC_000962.3,R,False
PZA,pncA,T168S,168,GENE,CDS,SNP,NC_000962.3,S,False
PZA,pncA,T177T,177,GENE,CDS,SNP,NC_000962.3,R,False
PZA,pncA,T22I,22,GENE,CDS,SNP,NC_000962.3,R,False
PZA,pncA,T47A,47,GENE,CDS,SNP,NC_000962.3,R,False
PZA,pncA,T47I,47,GENE,CDS,SNP,NC_000962.3,S,False
PZA,pncA,T47S,47,GENE,CDS,SNP,NC_000962.3,R,False
PZA,pncA,T76I,76,GENE,CDS,SNP,NC_000962.3,R,False
PZA,pncA,T76P,76,GENE,CDS,SNP,NC_000962.3,R,False
PZA,pncA,T76S,76,GENE,CDS,SNP,NC_000962.3,R,False
PZA,pncA,T87M,87,GENE,CDS,SNP,NC_000962.3,S,False
PZA,pncA,V109L,109,GENE,CDS,SNP,NC_000962.3,R,False
PZA,pncA,V125A,125,GENE,CDS,SNP,NC_000962.3,R,False
PZA,pncA,V125D,125,GENE,CDS,SNP,NC_000962.3,R,False
PZA,pncA,V125F,125,GENE,CDS,SNP,NC_000962.3,R,False
PZA,pncA,V125G,125,GENE,CDS,SNP,NC_000962.3,R,False
PZA,pncA,V125V,125,GENE,CDS,SNP,NC_000962.3,R,False
PZA,pncA,V128A,128,GENE,CDS,SNP,NC_000962.3,R,False
PZA,pncA,V128D,128,GENE,CDS,SNP,NC_000962.3,R,False
PZA,pncA,V128G,128,GENE,CDS,SNP,NC_000962.3,R,False
PZA,pncA,V130E,130,GENE,CDS,SNP,NC_000962.3,R,False
PZA,pncA,V131D,131,GENE,CDS,SNP,NC_000962.3,R,False
PZA,pncA,V131F,131,GENE,CDS,SNP,NC_000962.3,R,False
PZA,pncA,V131I,131,GENE,CDS,SNP,NC_000962.3,R,False
PZA,pncA,V139A,139,GENE,CDS,SNP,NC_000962.3,R,False
PZA,pncA,V139E,139,GENE,CDS,SNP,NC_000962.3,R,False
PZA,pncA,V139G,139,GENE,CDS,SNP,NC_000962.3,R,False
PZA,pncA,V139L,139,GENE,CDS,SNP,NC_000962.3,R,False
PZA,pncA,V139M,139,GENE,CDS,SNP,NC_000962.3,R,False
PZA,pncA,V147A,147,GENE,CDS,SNP,NC_000962.3,R,False
PZA,pncA,V155E,155,GENE,CDS,SNP,NC_000962.3,R,False
PZA,pncA,V155G,155,GENE,CDS,SNP,NC_000962.3,R,False
PZA,pncA,V155M,155,GENE,CDS,SNP,NC_000962.3,R,False
PZA,pncA,V163E,163,GENE,CDS,SNP,NC_000962.3,R,False
PZA,pncA,V163G,163,GENE,CDS,SNP,NC_000962.3,S,False
PZA,pncA,V180D,180,GENE,CDS,SNP,NC_000962.3,R,False
PZA,pncA,V180F,180,GENE,CDS,SNP,NC_000962.3,R,False
PZA,pncA,V180G,180,GENE,CDS,SNP,NC_000962.3,R,False
PZA,pncA,V183D,183,GENE,CDS,SNP,NC_000962.3,R,False
PZA,pncA,V183L,183,GENE,CDS,SNP,NC_000962.3,S,False
PZA,pncA,V183V,183,GENE,CDS,SNP,NC_000962.3,R,False
PZA,pncA,V21A,21,GENE,CDS,SNP,NC_000962.3,R,False
PZA,pncA,V21E,21,GENE,CDS,SNP,NC_000962.3,R,False
PZA,pncA,V21G,21,GENE,CDS,SNP,NC_000962.3,R,False
PZA,pncA,V44D,44,GENE,CDS,SNP,NC_000962.3,R,False
PZA,pncA,V45A,45,GENE,CDS,SNP,NC_000962.3,S,False
PZA,pncA,V7A,7,GENE,CDS,SNP,NC_000962.3,R,False
PZA,pncA,V7D,7,GENE,CDS,SNP,NC_000962.3,R,False
PZA,pncA,V7F,7,GENE,CDS,SNP,NC_000962.3,R,False
PZA,pncA,V7G,7,GENE,CDS,SNP,NC_000962.3,R,False
PZA,pncA,V7L,7,GENE,CDS,SNP,NC_000962.3,R,False
PZA,pncA,V93E,93,GENE,CDS,SNP,NC_000962.3,R,False
PZA,pncA,V93L,93,GENE,CDS,SNP,NC_000962.3,R,False
PZA,pncA,W119!,119,GENE,CDS,SNP,NC_000962.3,R,False
PZA,pncA,W119G,119,GENE,CDS,SNP,NC_000962.3,R,False
PZA,pncA,W119L,119,GENE,CDS,SNP,NC_000962.3,R,False
PZA,pncA,W119R,119,GENE,CDS,SNP,NC_000962.3,R,False
PZA,pncA,W68!,68,GENE,CDS,SNP,NC_000962.3,R,False
PZA,pncA,W68C,68,GENE,CDS,SNP,NC_000962.3,R,False
PZA,pncA,W68G,68,GENE,CDS,SNP,NC_000962.3,R,False
PZA,pncA,W68L,68,GENE,CDS,SNP,NC_000962.3,R,False
PZA,pncA,W68R,68,GENE,CDS,SNP,NC_000962.3,R,False
PZA,pncA,Y103!,103,GENE,CDS,SNP,NC_000962.3,R,False
PZA,pncA,Y103H,103,GENE,CDS,SNP,NC_000962.3,R,False
PZA,pncA,Y34D,34,GENE,CDS,SNP,NC_000962.3,R,False
PZA,pncA,Y34Y,34,GENE,CDS,SNP,NC_000962.3,R,False
PZA,pncA,Y41!,41,GENE,CDS,SNP,NC_000962.3,R,False
PZA,pncA,Y41H,41,GENE,CDS,SNP,NC_000962.3,R,False
PZA,pncA,Y41Y,41,GENE,CDS,SNP,NC_000962.3,R,False
PZA,pncA,Y64!,64,GENE,CDS,SNP,NC_000962.3,R,False
PZA,pncA,Y64D,64,GENE,CDS,SNP,NC_000962.3,S,False
PZA,pncA,Y95!,95,GENE,CDS,SNP,NC_000962.3,R,False
PZA,pncA,Y99!,99,GENE,CDS,SNP,NC_000962.3,R,False
PZA,pncA,a-11g,-11,GENE,PROM,SNP,NC_000962.3,R,False
PZA,pncA,c-19t,-19,GENE,PROM,SNP,NC_000962.3,S,False
PZA,pncA,g-33a,-33,GENE,PROM,SNP,NC_000962.3,S,False
PZA,pncA,t-12c,-12,GENE,PROM,SNP,NC_000962.3,R,False
PZA,pncA,t-60g,-60,GENE,PROM,SNP,NC_000962.3,S,False
PZA,pncA,t-7c,-7,GENE,PROM,SNP,NC_000962.3,R,False
RIF,rpoB,1278_indel,1278,GENE,CDS,INDEL,NC_000962.3,R,False
RIF,rpoB,1292_indel,1292,GENE,CDS,INDEL,NC_000962.3,R,False
RIF,rpoB,1295_indel,1295,GENE,CDS,INDEL,NC_000962.3,R,False
RIF,rpoB,1296_indel,1296,GENE,CDS,INDEL,NC_000962.3,R,False
RIF,rpoB,1299_indel,1299,GENE,CDS,INDEL,NC_000962.3,R,False
RIF,rpoB,1300_ins,1300,GENE,CDS,INDEL,NC_000962.3,R,False
RIF,rpoB,1306_ins,1306,GENE,CDS,INDEL,NC_000962.3,R,False
RIF,rpoB,1309_del,1309,GENE,CDS,INDEL,NC_000962.3,R,False
RIF,rpoB,2546_indel,2546,GENE,CDS,INDEL,NC_000962.3,S,False
RIF,rpoB,A334D,334,GENE,CDS,SNP,NC_000962.3,S,False
RIF,rpoB,A451?,451,GENE,CDS,SNP,NC_000962.3,R,False
RIF,rpoB,A544V,544,GENE,CDS,SNP,NC_000962.3,S,False
RIF,rpoB,A69P,69,GENE,CDS,SNP,NC_000962.3,S,False
RIF,rpoB,A857T,857,GENE,CDS,SNP,NC_000962.3,S,False
RIF,rpoB,A998V,998,GENE,CDS,SNP,NC_000962.3,S,False
RIF,rpoB,D270E,270,GENE,CDS,SNP,NC_000962.3,S,False
RIF,rpoB,D362H,362,GENE,CDS,SNP,NC_000962.3,S,False
RIF,rpoB,D3G,3,GENE,CDS,SNP,NC_000962.3,S,False
RIF,rpoB,D435?,435,GENE,CDS,SNP,NC_000962.3,R,False
RIF,rpoB,D435A,435,GENE,CDS,SNP,NC_000962.3,R,False
RIF,rpoB,D435F,435,GENE,CDS,SNP,NC_000962.3,R,False
RIF,rpoB,D435G,435,GENE,CDS,SNP,NC_000962.3,R,False
RIF,rpoB,D435N,435,GENE,CDS,SNP,NC_000962.3,R,False
RIF,rpoB,D435V,435,GENE,CDS,SNP,NC_000962.3,R,False
RIF,rpoB,D435Y,435,GENE,CDS,SNP,NC_000962.3,R,False
RIF,rpoB,D515Y,515,GENE,CDS,SNP,NC_000962.3,S,False
RIF,rpoB,D53N,53,GENE,CDS,SNP,NC_000962.3,S,False
RIF,rpoB,D545A,545,GENE,CDS,SNP,NC_000962.3,S,False
RIF,rpoB,D545E,545,GENE,CDS,SNP,NC_000962.3,R,False
RIF,rpoB,D634G,634,GENE,CDS,SNP,NC_000962.3,S,False
RIF,rpoB,D851G,851,GENE,CDS,SNP,NC_000962.3,S,False
RIF,rpoB,E1169A,1169,GENE,CDS,SNP,NC_000962.3,S,False
RIF,rpoB,E132D,132,GENE,CDS,SNP,NC_000962.3,S,False
RIF,rpoB,E563D,563,GENE,CDS,SNP,NC_000962.3,S,False
RIF,rpoB,E639G,639,GENE,CDS,SNP,NC_000962.3,S,False
RIF,rpoB,E639Q,639,GENE,CDS,SNP,NC_000962.3,S,False
RIF,rpoB,E66K,66,GENE,CDS,SNP,NC_000962.3,S,False
RIF,rpoB,E825G,825,GENE,CDS,SNP,NC_000962.3,S,False
RIF,rpoB,F425?,425,GENE,CDS,SNP,NC_000962.3,R,False
RIF,rpoB,F433?,433,GENE,CDS,SNP,NC_000962.3,R,False
RIF,rpoB,G28R,28,GENE,CDS,SNP,NC_000962.3,S,False
RIF,rpoB,G426?,426,GENE,CDS,SNP,NC_000962.3,R,False
RIF,rpoB,G442?,442,GENE,CDS,SNP,NC_000962.3,R,False
RIF,rpoB,G890D,890,GENE,CDS,SNP,NC_000962.3,S,False
RIF,rpoB,G981D,981,GENE,CDS,SNP,NC_000962.3,R,False
RIF,rpoB,H343Q,343,GENE,CDS,SNP,NC_000962.3,S,False
RIF,rpoB,H445?,445,GENE,CDS,SNP,NC_000962.3,R,False
RIF,rpoB,H445C,445,GENE,CDS,SNP,NC_000962.3,R,False
RIF,rpoB,H445D,445,GENE,CDS,SNP,NC_000962.3,R,False
RIF,rpoB,H445F,445,GENE,CDS,SNP,NC_000962.3,R,False
RIF,rpoB,H445G,445,GENE,CDS,SNP,NC_000962.3,R,False
RIF,rpoB,H445L,445,GENE,CDS,SNP,NC_000962.3,R,False
RIF,rpoB,H445N,445,GENE,CDS,SNP,NC_000962.3,R,False
RIF,rpoB,H445P,445,GENE,CDS,SNP,NC_000962.3,R,False
RIF,rpoB,H445R,445,GENE,CDS,SNP,NC_000962.3,R,False
RIF,rpoB,H445Y,445,GENE,CDS,SNP,NC_000962.3,R,False
RIF,rpoB,H674Q,674,GENE,CDS,SNP,NC_000962.3,S,False
RIF,rpoB,I491F,491,GENE,CDS,SNP,NC_000962.3,R,False
RIF,rpoB,K446?,446,GENE,CDS,SNP,NC_000962.3,R,False
RIF,rpoB,K944E,944,GENE,CDS,SNP,NC_000962.3,S,False
RIF,rpoB,L314V,314,GENE,CDS,SNP,NC_000962.3,S,False
RIF,rpoB,L316V,316,GENE,CDS,SNP,NC_000962.3,S,False
RIF,rpoB,L430?,430,GENE,CDS,SNP,NC_000962.3,R,False
RIF,rpoB,L430P,430,GENE,CDS,SNP,NC_000962.3,R,False
RIF,rpoB,L440?,440,GENE,CDS,SNP,NC_000962.3,R,False
RIF,rpoB,L443?,443,GENE,CDS,SNP,NC_000962.3,R,False
RIF,rpoB,L443F,443,GENE,CDS,SNP,NC_000962.3,S,False
RIF,rpoB,L449?,449,GENE,CDS,SNP,NC_000962.3,R,False
RIF,rpoB,L452?,452,GENE,CDS,SNP,NC_000962.3,R,False
RIF,rpoB,L452P,452,GENE,CDS,SNP,NC_000962.3,R,False
RIF,rpoB,L80V,80,GENE,CDS,SNP,NC_000962.3,S,False
RIF,rpoB,L893R,893,GENE,CDS,SNP,NC_000962.3,S,False
RIF,rpoB,M121I,121,GENE,CDS,SNP,NC_000962.3,S,False
RIF,rpoB,M153T,153,GENE,CDS,SNP,NC_000962.3,S,False
RIF,rpoB,M390T,390,GENE,CDS,SNP,NC_000962.3,S,False
RIF,rpoB,M434?,434,GENE,CDS,SNP,NC_000962.3,R,False
RIF,rpoB,M434I,434,GENE,CDS,SNP,NC_000962.3,R,False
RIF,rpoB,N24D,24,GENE,CDS,SNP,NC_000962.3,S,False
RIF,rpoB,N437?,437,GENE,CDS,SNP,NC_000962.3,R,False
RIF,rpoB,N438?,438,GENE,CDS,SNP,NC_000962.3,R,False
RIF,rpoB,P30S,30,GENE,CDS,SNP,NC_000962.3,S,False
RIF,rpoB,P358L,358,GENE,CDS,SNP,NC_000962.3,S,False
RIF,rpoB,P439?,439,GENE,CDS,SNP,NC_000962.3,R,False
RIF,rpoB,P454L,454,GENE,CDS,SNP,NC_000962.3,S,False
RIF,rpoB,P682T,682,GENE,CDS,SNP,NC_000962.3,S,False
RIF,rpoB,P834L,834,GENE,CDS,SNP,NC_000962.3,S,False
RIF,rpoB,P89L,89,GENE,CDS,SNP,NC_000962.3,S,False
RIF,rpoB,Q429?,429,GENE,CDS,SNP,NC_000962.3,R,False
RIF,rpoB,Q432?,432,GENE,CDS,SNP,NC_000962.3,R,False
RIF,rpoB,Q432K,432,GENE,CDS,SNP,NC_000962.3,R,False
RIF,rpoB,Q432L,432,GENE,CDS,SNP,NC_000962.3,R,False
RIF,rpoB,Q432P,432,GENE,CDS,SNP,NC_000962.3,R,False
RIF,rpoB,Q436?,436,GENE,CDS,SNP,NC_000962.3,R,False
RIF,rpoB,R447?,447,GENE,CDS,SNP,NC_000962.3,R,False
RIF,rpoB,R448?,448,GENE,CDS,SNP,NC_000962.3,R,False
RIF,rpoB,R511L,511,GENE,CDS,SNP,NC_000962.3,S,False
RIF,rpoB,R661Q,661,GENE,CDS,SNP,NC_000962.3,S,False
RIF,rpoB,S1124A,1124,GENE,CDS,SNP,NC_000962.3,S,False
RIF,rpoB,S195R,195,GENE,CDS,SNP,NC_000962.3,S,False
RIF,rpoB,S21F,21,GENE,CDS,SNP,NC_000962.3,S,False
RIF,rpoB,S388L,388,GENE,CDS,SNP,NC_000962.3,S,False
RIF,rpoB,S428?,428,GENE,CDS,SNP,NC_000962.3,R,False
RIF,rpoB,S431?,431,GENE,CDS,SNP,NC_000962.3,R,False
RIF,rpoB,S431T,431,GENE,CDS,SNP,NC_000962.3,R,False
RIF,rpoB,S441?,441,GENE,CDS,SNP,NC_000962.3,R,False
RIF,rpoB,S441L,441,GENE,CDS,SNP,NC_000962.3,R,False
RIF,rpoB,S441Q,441,GENE,CDS,SNP,NC_000962.3,R,False
RIF,rpoB,S450?,450,GENE,CDS,SNP,NC_000962.3,R,False
RIF,rpoB,S450F,450,GENE,CDS,SNP,NC_000962.3,R,False
RIF,rpoB,S450L,450,GENE,CDS,SNP,NC_000962.3,R,False
RIF,rpoB,S450Q,450,GENE,CDS,SNP,NC_000962.3,R,False
RIF,rpoB,S450W,450,GENE,CDS,SNP,NC_000962.3,R,False
RIF,rpoB,S450Y,450,GENE,CDS,SNP,NC_000962.3,R,False
RIF,rpoB,T350I,350,GENE,CDS,SNP,NC_000962.3,S,False
RIF,rpoB,T427?,427,GENE,CDS,SNP,NC_000962.3,R,False
RIF,rpoB,T444?,444,GENE,CDS,SNP,NC_000962.3,R,False
RIF,rpoB,T526S,526,GENE,CDS,SNP,NC_000962.3,S,False
RIF,rpoB,T676P,676,GENE,CDS,SNP,NC_000962.3,R,False
RIF,rpoB,V109I,109,GENE,CDS,SNP,NC_000962.3,S,False
RIF,rpoB,V1117L,1117,GENE,CDS,SNP,NC_000962.3,S,False
RIF,rpoB,V1129A,1129,GENE,CDS,SNP,NC_000962.3,S,False
RIF,rpoB,V113I,113,GENE,CDS,SNP,NC_000962.3,S,False
RIF,rpoB,V170F,170,GENE,CDS,SNP,NC_000962.3,R,False
RIF,rpoB,V179A,179,GENE,CDS,SNP,NC_000962.3,S,False
RIF,rpoB,V359A,359,GENE,CDS,SNP,NC_000962.3,R,False
RIF,rpoB,V695L,695,GENE,CDS,SNP,NC_000962.3,S,False
RIF,rpoB,V77M,77,GENE,CDS,SNP,NC_000962.3,S,False
RIF,rpoB,a-53g,-53,GENE,PROM,SNP,NC_000962.3,S,False
RIF,rpoB,c-61t,-61,GENE,PROM,SNP,NC_000962.3,S,True
RIF,rpoB,c-62t,-62,GENE,PROM,SNP,NC_000962.3,S,False
RIF,rpoB,c-73t,-73,GENE,PROM,SNP,NC_000962.3,S,False
RIF,rpoB,g-96a,-96,GENE,PROM,SNP,NC_000962.3,S,False
RIF,rpoB,t-6c,-6,GENE,PROM,SNP,NC_000962.3,S,False
EMB,iniA,*=,*,GENE,CDS,SNP,NC_000962.3,S,
EMB,iniA,*?,*,GENE,CDS,SNP,NC_000962.3,U,
EMB,iniA,-*?,*,GENE,PROM,SNP,NC_000962.3,U,
EMB,iniA,*_indel,*,GENE,CDS,INDEL,NC_000962.3,U,
EMB,iniA,-*_indel,*,GENE,PROM,INDEL,NC_000962.3,U,
INH,ahpC,*=,*,GENE,CDS,SNP,NC_000962.3,S,
INH,ahpC,*?,*,GENE,CDS,SNP,NC_000962.3,U,
INH,ahpC,-*?,*,GENE,PROM,SNP,NC_000962.3,U,
INH,ahpC,*_indel,*,GENE,CDS,INDEL,NC_000962.3,U,
INH,ahpC,-*_indel,*,GENE,PROM,INDEL,NC_000962.3,U,
RIF,rpoB,*=,*,GENE,CDS,SNP,NC_000962.3,S,
RIF,rpoB,*?,*,GENE,CDS,SNP,NC_000962.3,U,
RIF,rpoB,-*?,*,GENE,PROM,SNP,NC_000962.3,U,
RIF,rpoB,*_indel,*,GENE,CDS,INDEL,NC_000962.3,U,
RIF,rpoB,-*_indel,*,GENE,PROM,INDEL,NC_000962.3,U,
EMB,embC,*=,*,GENE,CDS,SNP,NC_000962.3,S,
EMB,embC,*?,*,GENE,CDS,SNP,NC_000962.3,U,
EMB,embC,-*?,*,GENE,PROM,SNP,NC_000962.3,U,
EMB,embC,*_indel,*,GENE,CDS,INDEL,NC_000962.3,U,
EMB,embC,-*_indel,*,GENE,PROM,INDEL,NC_000962.3,U,
EMB,embR,*=,*,GENE,CDS,SNP,NC_000962.3,S,
EMB,embR,*?,*,GENE,CDS,SNP,NC_000962.3,U,
EMB,embR,-*?,*,GENE,PROM,SNP,NC_000962.3,U,
EMB,embR,*_indel,*,GENE,CDS,INDEL,NC_000962.3,U,
EMB,embR,-*_indel,*,GENE,PROM,INDEL,NC_000962.3,U,
EMB,embB,*=,*,GENE,CDS,SNP,NC_000962.3,S,
EMB,embB,*?,*,GENE,CDS,SNP,NC_000962.3,U,
EMB,embB,-*?,*,GENE,PROM,SNP,NC_000962.3,U,
EMB,embB,*_indel,*,GENE,CDS,INDEL,NC_000962.3,U,
EMB,embB,-*_indel,*,GENE,PROM,INDEL,NC_000962.3,U,
INH,ndh,*=,*,GENE,CDS,SNP,NC_000962.3,S,
INH,ndh,*?,*,GENE,CDS,SNP,NC_000962.3,U,
INH,ndh,-*?,*,GENE,PROM,SNP,NC_000962.3,U,
INH,ndh,*_indel,*,GENE,CDS,INDEL,NC_000962.3,U,
INH,ndh,-*_indel,*,GENE,PROM,INDEL,NC_000962.3,U,
PZA,rpsA,*=,*,GENE,CDS,SNP,NC_000962.3,S,
PZA,rpsA,*?,*,GENE,CDS,SNP,NC_000962.3,U,
PZA,rpsA,-*?,*,GENE,PROM,SNP,NC_000962.3,U,
PZA,rpsA,*_indel,*,GENE,CDS,INDEL,NC_000962.3,U,
PZA,rpsA,-*_indel,*,GENE,PROM,INDEL,NC_000962.3,U,
EMB,embA,*=,*,GENE,CDS,SNP,NC_000962.3,S,
EMB,embA,*?,*,GENE,CDS,SNP,NC_000962.3,U,
EMB,embA,-*?,*,GENE,PROM,SNP,NC_000962.3,U,
EMB,embA,*_indel,*,GENE,CDS,INDEL,NC_000962.3,U,
EMB,embA,-*_indel,*,GENE,PROM,INDEL,NC_000962.3,U,
PZA,pncA,*=,*,GENE,CDS,SNP,NC_000962.3,S,
PZA,pncA,*?,*,GENE,CDS,SNP,NC_000962.3,U,
PZA,pncA,-*?,*,GENE,PROM,SNP,NC_000962.3,U,
PZA,pncA,*_indel,*,GENE,CDS,INDEL,NC_000962.3,U,
PZA,pncA,-*_indel,*,GENE,PROM,INDEL,NC_000962.3,U,
INH,inhA,*=,*,GENE,CDS,SNP,NC_000962.3,S,
INH,inhA,*?,*,GENE,CDS,SNP,NC_000962.3,U,
INH,inhA,-*?,*,GENE,PROM,SNP,NC_000962.3,U,
INH,inhA,*_indel,*,GENE,CDS,INDEL,NC_000962.3,U,
INH,inhA,-*_indel,*,GENE,PROM,INDEL,NC_000962.3,U,
EMB,rmlD,*=,*,GENE,CDS,SNP,NC_000962.3,S,
EMB,rmlD,*?,*,GENE,CDS,SNP,NC_000962.3,U,
EMB,rmlD,-*?,*,GENE,PROM,SNP,NC_000962.3,U,
EMB,rmlD,*_indel,*,GENE,CDS,INDEL,NC_000962.3,U,
EMB,rmlD,-*_indel,*,GENE,PROM,INDEL,NC_000962.3,U,
INH,fabG1,*=,*,GENE,CDS,SNP,NC_000962.3,S,
INH,fabG1,*?,*,GENE,CDS,SNP,NC_000962.3,U,
INH,fabG1,-*?,*,GENE,PROM,SNP,NC_000962.3,U,
INH,fabG1,*_indel,*,GENE,CDS,INDEL,NC_000962.3,U,
INH,fabG1,-*_indel,*,GENE,PROM,INDEL,NC_000962.3,U,
INH,katG,*=,*,GENE,CDS,SNP,NC_000962.3,S,
INH,katG,*?,*,GENE,CDS,SNP,NC_000962.3,U,
INH,katG,-*?,*,GENE,PROM,SNP,NC_000962.3,U,
INH,katG,*_indel,*,GENE,CDS,INDEL,NC_000962.3,U,
INH,katG,-*_indel,*,GENE,PROM,INDEL,NC_000962.3,U,
EMB,manB,*=,*,GENE,CDS,SNP,NC_000962.3,S,
EMB,manB,*?,*,GENE,CDS,SNP,NC_000962.3,U,
EMB,manB,-*?,*,GENE,PROM,SNP,NC_000962.3,U,
EMB,manB,*_indel,*,GENE,CDS,INDEL,NC_000962.3,U,
EMB,manB,-*_indel,*,GENE,PROM,INDEL,NC_000962.3,U,
EMB,iniC,*=,*,GENE,CDS,SNP,NC_000962.3,S,
EMB,iniC,*?,*,GENE,CDS,SNP,NC_000962.3,U,
EMB,iniC,-*?,*,GENE,PROM,SNP,NC_000962.3,U,
EMB,iniC,*_indel,*,GENE,CDS,INDEL,NC_000962.3,U,
EMB,iniC,-*_indel,*,GENE,PROM,INDEL,NC_000962.3,U,
PZA,panD,*?,*,GENE,CDS,SNP,NC_000962.3,U,
PZA,panD,*=,*,GENE,CDS,SNP,NC_000962.3,S,
PZA,panD,-*?,*,GENE,PROM,SNP,NC_000962.3,U,
PZA,panD,*_indel,*,GENE,CDS,INDEL,NC_000962.3,U,
PZA,panD,-*_indel,*,GENE,PROM,INDEL,NC_000962.3,U,
